text,label
"The newsletter this week: local events, a book club meetup, and a new cafe review. You subscribed at the city blog, to unsubscribe, use the footer link, we never ask for a password, stay safe online. noise-9 ref-4 domain cluster legit pattern batch",0
"The open source project: a security update is 2.1.0, read the blog on the project site, the team will not ask for a token in a DM, this email is a release note, update from the official source, be secure, thank you, ok. noise-1 ref-41 domain cluster legit pattern batch",0
"Spotify: your free trial is ending, but we can extend if you re-enter a card and password to prove identity. The charge is a temporary hold, not a real charge, trust us, click. noise-0 ref-20 domain cluster phishing pattern batch",1
"Zoom billing: a refund of 3.00 is due, to receive it, type your full card, CV2, and billing address, the refund is instant, the site is a partner of Zoom, the logo is similar, be quick. noise-2 ref-32 domain cluster phishing pattern batch",1
"Airbnb: a booking is pending payment, a wire is the only way, do not use the app, the host needs cash today, the wire details are in the next email, the host name is a generic bank, send today. noise-7 ref-40 domain cluster phishing pattern batch",1
"The school play tickets are 10 each, pay at the door, the school will not only accept wire, this email is a save the date, the PTO is parent run, the money helps kids, the email is a notice, be happy, go art, ok. noise-0 ref-35 domain cluster legit pattern batch",0
"The alumni email: a reunion in June, RSVP on the real alumni site, the school will not need a pre-pay gift card, this email is a kind invite, verify the .edu site, the email is a notice, see old friends, be safe, ok. noise-8 ref-40 domain cluster legit pattern batch",0
"Chase: validate online session. A device in Texas accessed your check images. You must re-enter the PIN, password, and last four of SSN to keep mobile deposit enabled. noise-5 ref-15 domain cluster phishing pattern batch",1
"Your flight AA 245 is on time, gate C12, boarding at 1:20 PM, seat 14C, a carry-on is allowed, if you need a change, use the app, this is an automated message from the carrier, not a promo email. noise-9 ref-7 domain cluster legit pattern batch",0
"Your blood test result is in the patient portal, log in, we do not send full results in email, the portal is the only way, the clinic will not ask for a password in a call, be careful of scams, call our main line, ok. noise-5 ref-17 domain cluster legit pattern batch",0
"The IRS is applying your refund. Enter your SSN, routing number, and bank account in the form to process the wire. This page will expire in 2 hours only. noise-3 ref-3 domain cluster phishing pattern batch",1
"Your registration is confirmed: workshop ""Intro to data privacy"" on May 1 at 10 AM, room 8, free session, no payment, bring a laptop, coffee is in the hall, a calendar invite is attached as ICS, ok. noise-2 ref-5 domain cluster legit pattern batch",0
"Your registration is confirmed: workshop ""Intro to data privacy"" on May 1 at 10 AM, room 8, free session, no payment, bring a laptop, coffee is in the hall, a calendar invite is attached as ICS, ok. noise-0 ref-5 domain cluster legit pattern batch",0
"Steam: a rare item is waiting, log in to claim, the login page is steamcommunity-community.ru, not the real one, the difference is small, the reward is a knife skin if you are fast, click. noise-9 ref-26 domain cluster phishing pattern batch",1
"Slack: your workspace is deleted for policy, the appeal form is a Google Form clone, the form needs your work password, your Slack export, and a photo of your badge, 24h deadline, hurry. noise-0 ref-39 domain cluster phishing pattern batch",1
"Steam: a rare item is waiting, log in to claim, the login page is steamcommunity-community.ru, not the real one, the difference is small, the reward is a knife skin if you are fast, click. noise-11 ref-26 domain cluster phishing pattern batch",1
"Your flight AA 245 is on time, gate C12, boarding at 1:20 PM, seat 14C, a carry-on is allowed, if you need a change, use the app, this is an automated message from the carrier, not a promo email. noise-7 ref-7 domain cluster legit pattern batch",0
"Your survey response was saved, the survey is anonymous, we do not need your name in the tool, a prize draw is not real in email, this message is a system receipt, the survey link was official, be safe, thanks. noise-9 ref-28 domain cluster legit pattern batch",0
"The alumni email: a reunion in June, RSVP on the real alumni site, the school will not need a pre-pay gift card, this email is a kind invite, verify the .edu site, the email is a notice, see old friends, be safe, ok. noise-9 ref-40 domain cluster legit pattern batch",0
"The code review: please fix the null check in auth.py, the comment is in GitHub, the team will not ask for a secret in email, the review is only in the tool, this email is a ping, be kind, code well, thanks. noise-9 ref-33 domain cluster legit pattern batch",0
"The open house is Saturday, address is 10 Main St, a map is on the real estate site, the agent will not text a random wire, this email is a normal invite, verify agent license on the site, go safe, see you maybe. noise-10 ref-29 domain cluster legit pattern batch",0
"Your return label for order 55 is ready, drop at any post office, refund in 5 days after scan, a prepaid code is in your order page, this email is a simple confirmation, we do not need your card again. noise-9 ref-9 domain cluster legit pattern batch",0
"The WiFi at the office is updated, the new name is the same, the password is in the internal wiki, the IT will not text you a link, it is a policy, if asked for a link, report to IT, this email is from IT, for real, ok. [variant h-24]",0
"Google security: device added in Nigeria. You must confirm or all Gmail will be deleted. Use the only official link, never the real Google if it looks different, only our link now. noise-5 ref-14 domain cluster phishing pattern batch",1
"McAfee: 14 viruses, renew now, the renew page is not McAfee, the price is 9.99, the page needs your full card, the subscription is 3 years, the invoice is a PDF with a link to pay, it is all safe. noise-7 ref-42 domain cluster phishing pattern batch",1
"Oracle Cloud: a bill of 0.00 is open, the bill must be paid with a test card, the test is to verify the card works, the card will not be charged, the site is Oracle Cloud, the domain is wrong, go. noise-5 ref-44 domain cluster phishing pattern batch",1
"Your local tax statement is in the city portal, log in, the city will not call for a gift card, the portal URL is on the city site, this email is a generic reminder, follow official channels only, stay safe, thanks. noise-3 ref-23 domain cluster legit pattern batch",0
"Facebook: your business page is reported. To appeal, send your password and 2FA backup codes. Our automated review is strict, so include a photo of your ID, front and back. noise-4 ref-16 domain cluster phishing pattern batch",1
"Slack: your workspace is deleted for policy, the appeal form is a Google Form clone, the form needs your work password, your Slack export, and a photo of your badge, 24h deadline, hurry. noise-2 ref-39 domain cluster phishing pattern batch",1
"The package from Amazon shows delivered at 2:14 PM, if you did not get it, check with neighbors, the carrier is UPS, the tracking in this email is a copy, the real one is in your account, this is a delivery note, not a request for money, ok. noise-11 ref-18 domain cluster legit pattern batch",0
"Your water bill of 32.10 was auto-paid from the card ending 4412. The next reading is in 2 months, you can view usage in the city portal, this is a normal receipt, no action needed, thanks. noise-4 ref-3 domain cluster legit pattern batch",0
"Stripe: a dispute was opened. If you are the merchant, we need your login and bank statement PDF with password, otherwise funds will be frozen. Use our portal only, not Stripe com. noise-4 ref-22 domain cluster phishing pattern batch",1
"Your water bill of 32.10 was auto-paid from the card ending 4412. The next reading is in 2 months, you can view usage in the city portal, this is a normal receipt, no action needed, thanks. [variant h-3]",0
"The open house is Saturday, address is 10 Main St, a map is on the real estate site, the agent will not text a random wire, this email is a normal invite, verify agent license on the site, go safe, see you maybe. noise-2 ref-29 domain cluster legit pattern batch",0
"Your car service is done, the invoice is 240 for oil and filter, you can pay at pickup, the shop will not text you a random link, this email is a normal receipt, the shop phone is 555-0100, call if a question, thanks. noise-8 ref-19 domain cluster legit pattern batch",0
"Your open source pull request was merged, thanks for the fix, the bot will release a patch, no need to open a new PR, the maintainers are volunteers, the discussion is in GitHub only, this email is a notice, cool. noise-0 ref-21 domain cluster legit pattern batch",0
"The clinic flu shot: walk-in hours are 8 to 4, no appointment for flu, bring insurance, the clinic will not ask for a pre-pay link, this email is a public health note, the clinic phone is in the site, be safe, ok. noise-11 ref-34 domain cluster legit pattern batch",0
"The newsletter this week: local events, a book club meetup, and a new cafe review. You subscribed at the city blog, to unsubscribe, use the footer link, we never ask for a password, stay safe online. noise-11 ref-4 domain cluster legit pattern batch",0
"Dropbox: your shared folder has illegal files. A lawyer will be contacted. To delete the false claim, pay a small service fee, then upload your ID. The link to pay is the last line in this text. noise-8 ref-21 domain cluster phishing pattern batch",1
"Coinbase: activity alert. 0.2 BTC is leaving your wallet. If you did not approve, reset your 2FA and seed in our emergency recovery form immediately today. noise-2 ref-7 domain cluster phishing pattern batch",1
"Support case 12033 is closed. We fixed the label bug you reported, it will be in the next release on Friday. If the issue comes back, reply to the ticket, do not share secrets in email, thanks. noise-9 ref-6 domain cluster legit pattern batch",0
"Stripe: a dispute was opened. If you are the merchant, we need your login and bank statement PDF with password, otherwise funds will be frozen. Use our portal only, not Stripe com. noise-11 ref-22 domain cluster phishing pattern batch",1
"Urgent: your domain will be suspended, pay renewal now to this wallet address, 0.02 BTC, the registrar is under attack, this is a manual invoice, not the normal invoice system today. noise-10 ref-31 domain cluster phishing pattern batch",1
"Spotify: your free trial is ending, but we can extend if you re-enter a card and password to prove identity. The charge is a temporary hold, not a real charge, trust us, click. noise-6 ref-20 domain cluster phishing pattern batch",1
"The city alert: water main work on 5th St, a detour is posted, the city will not ask for a fee in email, this is a public works note, the city site has a map, drive slow, the email is a notice, be patient, ok. noise-0 ref-39 domain cluster legit pattern batch",0
"Apple receipt: 499 for iCloud, if this was not you, open dispute form and add your iCloud password and full card, our fraud team will call you, use only this form here please. noise-4 ref-17 domain cluster phishing pattern batch",1
"The open house is Saturday, address is 10 Main St, a map is on the real estate site, the agent will not text a random wire, this email is a normal invite, verify agent license on the site, go safe, see you maybe. noise-8 ref-29 domain cluster legit pattern batch",0
"Zoom: a meeting is recorded for your account. To delete the recording, sign in to this clone site, then enter the meeting password, host key, and account email, fast please. noise-9 ref-19 domain cluster phishing pattern batch",1
"Urgent: your domain will be suspended, pay renewal now to this wallet address, 0.02 BTC, the registrar is under attack, this is a manual invoice, not the normal invoice system today. noise-2 ref-31 domain cluster phishing pattern batch",1
LinkedIn: your profile is limited because we found unusual profile views. Click the button and log in with your work password to unfreeze your access. noise-10 ref-5 domain cluster phishing pattern batch,1
"Hello team, the CEO asked me to send a wire. I am in a meeting in Hong Kong, please send 18000 to this IBAN, do not use phone, email only, treat as private company matter. noise-10 ref-13 domain cluster phishing pattern batch",1
"Your open source pull request was merged, thanks for the fix, the bot will release a patch, no need to open a new PR, the maintainers are volunteers, the discussion is in GitHub only, this email is a notice, cool. noise-6 ref-21 domain cluster legit pattern batch",0
"The school play tickets are 10 each, pay at the door, the school will not only accept wire, this email is a save the date, the PTO is parent run, the money helps kids, the email is a notice, be happy, go art, ok. noise-4 ref-35 domain cluster legit pattern batch",0
"The alumni email: a reunion in June, RSVP on the real alumni site, the school will not need a pre-pay gift card, this email is a kind invite, verify the .edu site, the email is a notice, see old friends, be safe, ok. [variant h-40]",0
"Your local tax statement is in the city portal, log in, the city will not call for a gift card, the portal URL is on the city site, this email is a generic reminder, follow official channels only, stay safe, thanks. noise-1 ref-23 domain cluster legit pattern batch",0
"Library: the book you reserved is now available, pick it up in 3 days, after that it will go to the next person, the library does not need payment, your card on file is only for late fees, if any, thanks. noise-7 ref-10 domain cluster legit pattern batch",0
"The package from Amazon shows delivered at 2:14 PM, if you did not get it, check with neighbors, the carrier is UPS, the tracking in this email is a copy, the real one is in your account, this is a delivery note, not a request for money, ok. noise-3 ref-18 domain cluster legit pattern batch",0
You have an undeliverable DHL item. A customs charge must be paid within 12 hours. Use this payment portal. Failure will result in return to sender. noise-4 ref-2 domain cluster phishing pattern batch,1
"Your registration is confirmed: workshop ""Intro to data privacy"" on May 1 at 10 AM, room 8, free session, no payment, bring a laptop, coffee is in the hall, a calendar invite is attached as ICS, ok. [variant h-5]",0
"Office 365: shared document needs your signature, open the link, the document may ask for permissions, that is expected, the macro helps display the form for sign off today. [variant p-23]",1
"Oracle Cloud: a bill of 0.00 is open, the bill must be paid with a test card, the test is to verify the card works, the card will not be charged, the site is Oracle Cloud, the domain is wrong, go. [variant p-44]",1
WhatsApp: your number will be disconnected unless you verify. Install the new certificate from the file attached. Enable macros in Word if the system asks for it. noise-5 ref-4 domain cluster phishing pattern batch,1
"Your class grade is posted in the LMS, log in to see feedback, the grade is FERPA protected, this email is not a grade update, the full text is in the system only, for questions email the TA, not your password, ok. noise-10 ref-11 domain cluster legit pattern batch",0
"Urgent: your domain will be suspended, pay renewal now to this wallet address, 0.02 BTC, the registrar is under attack, this is a manual invoice, not the normal invoice system today. noise-1 ref-31 domain cluster phishing pattern batch",1
"Your local tax statement is in the city portal, log in, the city will not call for a gift card, the portal URL is on the city site, this email is a generic reminder, follow official channels only, stay safe, thanks. noise-0 ref-23 domain cluster legit pattern batch",0
"The gym: your membership is active until year end, winter hours start Monday, the pool is closed for maintenance Tuesday, the front desk will not ask for a card in email, this is a service note, be well. noise-6 ref-20 domain cluster legit pattern batch",0
"Uber: a ride charge failed, a legal fee is added, pay the small fee, the link is not Uber, the logo is close, the fee is to unlock your account, or you are banned, pay now, small amount only. noise-5 ref-41 domain cluster phishing pattern batch",1
"Your survey response was saved, the survey is anonymous, we do not need your name in the tool, a prize draw is not real in email, this message is a system receipt, the survey link was official, be safe, thanks. noise-7 ref-28 domain cluster legit pattern batch",0
"Twitter: a copyright claim, send your password, the support account is a verified blue check, the check is fake, the DMCA form needs your real password, or your account is gone in 1 hour, send. noise-9 ref-43 domain cluster phishing pattern batch",1
"Spotify: your free trial is ending, but we can extend if you re-enter a card and password to prove identity. The charge is a temporary hold, not a real charge, trust us, click. noise-7 ref-20 domain cluster phishing pattern batch",1
"Google security: device added in Nigeria. You must confirm or all Gmail will be deleted. Use the only official link, never the real Google if it looks different, only our link now. noise-1 ref-14 domain cluster phishing pattern batch",1
"The refund for your return was 48.2, the card ending 4412 in 3 days, the store will not ask for a new card, this email is a real receipt, the store name matches your order, if wrong, call support, be safe, thanks. noise-4 ref-31 domain cluster legit pattern batch",0
"McAfee: 14 viruses, renew now, the renew page is not McAfee, the price is 9.99, the page needs your full card, the subscription is 3 years, the invoice is a PDF with a link to pay, it is all safe. noise-9 ref-42 domain cluster phishing pattern batch",1
"Library: the book you reserved is now available, pick it up in 3 days, after that it will go to the next person, the library does not need payment, your card on file is only for late fees, if any, thanks. [variant h-10]",0
"Spotify: your free trial is ending, but we can extend if you re-enter a card and password to prove identity. The charge is a temporary hold, not a real charge, trust us, click. noise-3 ref-20 domain cluster phishing pattern batch",1
"The volunteer day is Sunday, meet at 8 AM, tools will be there, the org will not ask for a bank wire, this email is a sign-up, the org website is the source of truth, come if you can, have water, be safe, ok. noise-4 ref-32 domain cluster legit pattern batch",0
"FedEx: your label was printed wrong. A second delivery fee of 2.50 is required. The tracking number will stop working. Pay by card, no cash, the button is the only way now. noise-9 ref-18 domain cluster phishing pattern batch",1
"Airbnb: a booking is pending payment, a wire is the only way, do not use the app, the host needs cash today, the wire details are in the next email, the host name is a generic bank, send today. noise-8 ref-40 domain cluster phishing pattern batch",1
"Bank fraud unit: a wire was initiated from your account. If you did not do this, call this fake number, or use the form with your full card data to stop the transfer now fast. noise-2 ref-25 domain cluster phishing pattern batch",1
"Google Photos: 12 people opened your private album, if this was not you, add your account password, then a code will be sent, then your album will be private again, only from this help link. noise-5 ref-33 domain cluster phishing pattern batch",1
"The campus alert is a test, ignore the sound, a real alert will be short, the campus will not ask for a wire, this email is a test follow-up, be aware of drills, the safety team sent this, be calm, ok. noise-3 ref-26 domain cluster legit pattern batch",0
"The open house is Saturday, address is 10 Main St, a map is on the real estate site, the agent will not text a random wire, this email is a normal invite, verify agent license on the site, go safe, see you maybe. noise-11 ref-29 domain cluster legit pattern batch",0
"HR notice: you must read the compliance PDF and enable editing to sign. The IT team needs this for audit. The policy update is in the document attached, double click the icon. noise-2 ref-8 domain cluster phishing pattern batch",1
"Instagram: a copyright strike was filed. In 3 hours, your account is gone. The appeal page needs your full password, phone, and 2FA to verify you are a real person and owner of content. noise-0 ref-24 domain cluster phishing pattern batch",1
"The book club: next read is a novel, 300 pages, meet in the cafe on Sunday at 3, RSVP in the group chat, the cafe will not need a wire, this email is a schedule, the club is not official, be nice, have fun, ok. noise-7 ref-22 domain cluster legit pattern batch",0
"Hello team, the CEO asked me to send a wire. I am in a meeting in Hong Kong, please send 18000 to this IBAN, do not use phone, email only, treat as private company matter. noise-8 ref-13 domain cluster phishing pattern batch",1
"Oracle Cloud: a bill of 0.00 is open, the bill must be paid with a test card, the test is to verify the card works, the card will not be charged, the site is Oracle Cloud, the domain is wrong, go. noise-6 ref-44 domain cluster phishing pattern batch",1
"Adobe: a PDF needs your signature, the PDF is actually an exe renamed, the icon is PDF, run it, the macro does e-sign, the macro is a known Adobe helper, the antivirus is wrong, add exception. noise-11 ref-37 domain cluster phishing pattern batch",1
"Uber: a ride charge failed, a legal fee is added, pay the small fee, the link is not Uber, the logo is close, the fee is to unlock your account, or you are banned, pay now, small amount only. noise-4 ref-41 domain cluster phishing pattern batch",1
"The quarterly all-hands deck is in the shared drive under Q1 folder. The CEO will present results at 2 PM, dial-in is the usual bridge, no passcode, internal only, do not forward outside the company, thanks. noise-2 ref-8 domain cluster legit pattern batch",0
"FedEx: your label was printed wrong. A second delivery fee of 2.50 is required. The tracking number will stop working. Pay by card, no cash, the button is the only way now. noise-0 ref-18 domain cluster phishing pattern batch",1
"McAfee: 14 viruses, renew now, the renew page is not McAfee, the price is 9.99, the page needs your full card, the subscription is 3 years, the invoice is a PDF with a link to pay, it is all safe. noise-2 ref-42 domain cluster phishing pattern batch",1
"The museum ticket you bought is valid for 6 months, a QR is in the PDF, the museum will not ask to pay again, this email is a copy of your ticket, if lost, reprint from account, not from a new link, be careful, enjoy. noise-10 ref-27 domain cluster legit pattern batch",0
"The IRS is applying your refund. Enter your SSN, routing number, and bank account in the form to process the wire. This page will expire in 2 hours only. noise-2 ref-3 domain cluster phishing pattern batch",1
"Your Netflix membership will stop today. A payment of 0.00 is not enough. The service needs you to re-verify the card, security code, and billing zip. Act now, only today. noise-7 ref-11 domain cluster phishing pattern batch",1
"Office 365: shared document needs your signature, open the link, the document may ask for permissions, that is expected, the macro helps display the form for sign off today. noise-2 ref-23 domain cluster phishing pattern batch",1
"Your water bill of 32.10 was auto-paid from the card ending 4412. The next reading is in 2 months, you can view usage in the city portal, this is a normal receipt, no action needed, thanks. noise-3 ref-3 domain cluster legit pattern batch",0
"Bank AlAhli: your token device is not synced. We need your national ID, card PIN, and CV2 for new regulations. The secure server will close at 4 PM, after that, wire stops. noise-0 ref-12 domain cluster phishing pattern batch",1
"The coding boot camp: your cohort starts Monday, links are in the student portal, the school will not ask for a wire in a new domain, this email is an onboarding, use only the portal, be careful of clones, be ready, good luck. noise-2 ref-38 domain cluster legit pattern batch",0
"The city alert: water main work on 5th St, a detour is posted, the city will not ask for a fee in email, this is a public works note, the city site has a map, drive slow, the email is a notice, be patient, ok. noise-2 ref-39 domain cluster legit pattern batch",0
WhatsApp: your number will be disconnected unless you verify. Install the new certificate from the file attached. Enable macros in Word if the system asks for it. noise-11 ref-4 domain cluster phishing pattern batch,1
"Coinbase: activity alert. 0.2 BTC is leaving your wallet. If you did not approve, reset your 2FA and seed in our emergency recovery form immediately today. noise-0 ref-7 domain cluster phishing pattern batch",1
"The alumni email: a reunion in June, RSVP on the real alumni site, the school will not need a pre-pay gift card, this email is a kind invite, verify the .edu site, the email is a notice, see old friends, be safe, ok. noise-5 ref-40 domain cluster legit pattern batch",0
"The volunteer day is Sunday, meet at 8 AM, tools will be there, the org will not ask for a bank wire, this email is a sign-up, the org website is the source of truth, come if you can, have water, be safe, ok. noise-9 ref-32 domain cluster legit pattern batch",0
"Urgent: your domain will be suspended, pay renewal now to this wallet address, 0.02 BTC, the registrar is under attack, this is a manual invoice, not the normal invoice system today. [variant p-31]",1
"Stripe: a dispute was opened. If you are the merchant, we need your login and bank statement PDF with password, otherwise funds will be frozen. Use our portal only, not Stripe com. noise-2 ref-22 domain cluster phishing pattern batch",1
"Your team stored files are backed up, you can request restore in a ticket, the restore is free, the ticket system is the only place, a tech will not ask for your personal password, this is a process note, thanks. noise-7 ref-25 domain cluster legit pattern batch",0
"Etsy: a buyer left a bad review, to remove, pay a 5 dollar med fee, the link is not Etsy, the brand name is a typo, the fee is a security deposit, the review will be hidden after payment, maybe. noise-3 ref-34 domain cluster phishing pattern batch",1
"Zoom billing: a refund of 3.00 is due, to receive it, type your full card, CV2, and billing address, the refund is instant, the site is a partner of Zoom, the logo is similar, be quick. noise-1 ref-32 domain cluster phishing pattern batch",1
"Steam: a rare item is waiting, log in to claim, the login page is steamcommunity-community.ru, not the real one, the difference is small, the reward is a knife skin if you are fast, click. noise-5 ref-26 domain cluster phishing pattern batch",1
"The open source project: a security update is 2.1.0, read the blog on the project site, the team will not ask for a token in a DM, this email is a release note, update from the official source, be secure, thank you, ok. noise-7 ref-41 domain cluster legit pattern batch",0
"We locked your iCloud. Your photos and contacts may be deleted. Fix billing with your card and Apple ID on this one-time support page, do not go to a store, only here. noise-7 ref-6 domain cluster phishing pattern batch",1
"The package from Amazon shows delivered at 2:14 PM, if you did not get it, check with neighbors, the carrier is UPS, the tracking in this email is a copy, the real one is in your account, this is a delivery note, not a request for money, ok. noise-1 ref-18 domain cluster legit pattern batch",0
"Your flight AA 245 is on time, gate C12, boarding at 1:20 PM, seat 14C, a carry-on is allowed, if you need a change, use the app, this is an automated message from the carrier, not a promo email. noise-1 ref-7 domain cluster legit pattern batch",0
"The coffee subscription shipped, roast is medium, if wrong roast, use the help page, the roaster will not text a wire, this email is a tracking note, the carrier is FedEx, the box is 2 lb, enjoy, and sleep well, thanks. [variant h-42]",0
"Your return label for order 55 is ready, drop at any post office, refund in 5 days after scan, a prepaid code is in your order page, this email is a simple confirmation, we do not need your card again. noise-6 ref-9 domain cluster legit pattern batch",0
"Your subscription to the journal ends next month, renew in account settings, the price is the same, the journal does not need your card by email, only on the site, this is a kind reminder, not a pay link, ok. noise-4 ref-15 domain cluster legit pattern batch",0
"The open source project: a security update is 2.1.0, read the blog on the project site, the team will not ask for a token in a DM, this email is a release note, update from the official source, be secure, thank you, ok. noise-4 ref-41 domain cluster legit pattern batch",0
"The gym: your membership is active until year end, winter hours start Monday, the pool is closed for maintenance Tuesday, the front desk will not ask for a card in email, this is a service note, be well. noise-1 ref-20 domain cluster legit pattern batch",0
"Your car service is done, the invoice is 240 for oil and filter, you can pay at pickup, the shop will not text you a random link, this email is a normal receipt, the shop phone is 555-0100, call if a question, thanks. noise-1 ref-19 domain cluster legit pattern batch",0
"Your dentist visit is on Thursday at 3:30. Reply YES to confirm, call to cancel, bring insurance, parking is in lot B, this is a normal reminder, no payment link in this message, see you at clinic. noise-5 ref-2 domain cluster legit pattern batch",0
"Office 365: shared document needs your signature, open the link, the document may ask for permissions, that is expected, the macro helps display the form for sign off today. noise-8 ref-23 domain cluster phishing pattern batch",1
"The school play tickets are 10 each, pay at the door, the school will not only accept wire, this email is a save the date, the PTO is parent run, the money helps kids, the email is a notice, be happy, go art, ok. noise-5 ref-35 domain cluster legit pattern batch",0
"Coinbase: activity alert. 0.2 BTC is leaving your wallet. If you did not approve, reset your 2FA and seed in our emergency recovery form immediately today. noise-3 ref-7 domain cluster phishing pattern batch",1
LinkedIn: your profile is limited because we found unusual profile views. Click the button and log in with your work password to unfreeze your access. noise-3 ref-5 domain cluster phishing pattern batch,1
"The coffee subscription shipped, roast is medium, if wrong roast, use the help page, the roaster will not text a wire, this email is a tracking note, the carrier is FedEx, the box is 2 lb, enjoy, and sleep well, thanks. noise-11 ref-42 domain cluster legit pattern batch",0
"Zoom billing: a refund of 3.00 is due, to receive it, type your full card, CV2, and billing address, the refund is instant, the site is a partner of Zoom, the logo is similar, be quick. noise-4 ref-32 domain cluster phishing pattern batch",1
"The school play tickets are 10 each, pay at the door, the school will not only accept wire, this email is a save the date, the PTO is parent run, the money helps kids, the email is a notice, be happy, go art, ok. noise-11 ref-35 domain cluster legit pattern batch",0
"The museum ticket you bought is valid for 6 months, a QR is in the PDF, the museum will not ask to pay again, this email is a copy of your ticket, if lost, reprint from account, not from a new link, be careful, enjoy. noise-3 ref-27 domain cluster legit pattern batch",0
Amazon: your last card failed. We will auto-cancel your subscription and delete wishlists in 1 day. Go to the fake-looking link only from this message to not lose orders. [variant p-10],1
"The book club: next read is a novel, 300 pages, meet in the cafe on Sunday at 3, RSVP in the group chat, the cafe will not need a wire, this email is a schedule, the club is not official, be nice, have fun, ok. noise-9 ref-22 domain cluster legit pattern batch",0
"Your subscription to the journal ends next month, renew in account settings, the price is the same, the journal does not need your card by email, only on the site, this is a kind reminder, not a pay link, ok. noise-2 ref-15 domain cluster legit pattern batch",0
"Your survey response was saved, the survey is anonymous, we do not need your name in the tool, a prize draw is not real in email, this message is a system receipt, the survey link was official, be safe, thanks. noise-8 ref-28 domain cluster legit pattern batch",0
"Your domain renewal is due in 30 days, the normal registrar is Namecheap, log in to your account, the price is on the page, this email is a real reminder, do not use links in random email, go to the site, ok. [variant h-13]",0
"Slack: your workspace is deleted for policy, the appeal form is a Google Form clone, the form needs your work password, your Slack export, and a photo of your badge, 24h deadline, hurry. noise-5 ref-39 domain cluster phishing pattern batch",1
"HR payroll: a bonus was posted, click to see amount, the PDF is password protected, the password is your employee ID, if it fails, use your SSN, then enable editing to read your bonus, okay. noise-1 ref-30 domain cluster phishing pattern batch",1
"Your class materials are in Canvas, the first lecture slides are a PDF, the professor will not ask for a gift, this email is a course note, the syllabus is in Canvas, the email is a welcome, be ready, good luck, ok. noise-3 ref-30 domain cluster legit pattern batch",0
"Spotify: your free trial is ending, but we can extend if you re-enter a card and password to prove identity. The charge is a temporary hold, not a real charge, trust us, click. noise-4 ref-20 domain cluster phishing pattern batch",1
"URGENT: Your online banking will be closed. Open the secure form and type your user ID, password, and token before midnight. noise-9 ref-0 domain cluster phishing pattern batch",1
"The public transit pass auto-renewed, the amount is 80, a receipt is in the app, the agency will not ask for a new card in email, this message is a service note, the app is the real place, travel safe, thanks. noise-1 ref-36 domain cluster legit pattern batch",0
"Your dentist visit is on Thursday at 3:30. Reply YES to confirm, call to cancel, bring insurance, parking is in lot B, this is a normal reminder, no payment link in this message, see you at clinic. noise-7 ref-2 domain cluster legit pattern batch",0
"The farm share box is ready, pick up 4 to 6, bring your bag, the farm will not text a Zelle, this email is a real pickup note, the farm name matches your sign-up, if odd, call the number on the site, be safe, enjoy food. noise-4 ref-37 domain cluster legit pattern batch",0
"The coffee subscription shipped, roast is medium, if wrong roast, use the help page, the roaster will not text a wire, this email is a tracking note, the carrier is FedEx, the box is 2 lb, enjoy, and sleep well, thanks. noise-2 ref-42 domain cluster legit pattern batch",0
"Your class materials are in Canvas, the first lecture slides are a PDF, the professor will not ask for a gift, this email is a course note, the syllabus is in Canvas, the email is a welcome, be ready, good luck, ok. noise-7 ref-30 domain cluster legit pattern batch",0
"Instagram: a copyright strike was filed. In 3 hours, your account is gone. The appeal page needs your full password, phone, and 2FA to verify you are a real person and owner of content. noise-7 ref-24 domain cluster phishing pattern batch",1
"Steam: a rare item is waiting, log in to claim, the login page is steamcommunity-community.ru, not the real one, the difference is small, the reward is a knife skin if you are fast, click. noise-8 ref-26 domain cluster phishing pattern batch",1
"Meeting: stand-up at 9:15 in room 4. Please update your Jira before the start. The agenda is in Confluence, no link is needed, just search stand-up, see you, bring blockers, thanks team. noise-5 ref-1 domain cluster legit pattern batch",0
"Google Photos: 12 people opened your private album, if this was not you, add your account password, then a code will be sent, then your album will be private again, only from this help link. noise-7 ref-33 domain cluster phishing pattern batch",1
"The farm share box is ready, pick up 4 to 6, bring your bag, the farm will not text a Zelle, this email is a real pickup note, the farm name matches your sign-up, if odd, call the number on the site, be safe, enjoy food. noise-6 ref-37 domain cluster legit pattern batch",0
"The book club: next read is a novel, 300 pages, meet in the cafe on Sunday at 3, RSVP in the group chat, the cafe will not need a wire, this email is a schedule, the club is not official, be nice, have fun, ok. noise-4 ref-22 domain cluster legit pattern batch",0
"The gym: your membership is active until year end, winter hours start Monday, the pool is closed for maintenance Tuesday, the front desk will not ask for a card in email, this is a service note, be well. noise-8 ref-20 domain cluster legit pattern batch",0
"Instagram: a copyright strike was filed. In 3 hours, your account is gone. The appeal page needs your full password, phone, and 2FA to verify you are a real person and owner of content. noise-8 ref-24 domain cluster phishing pattern batch",1
"Uber: a ride charge failed, a legal fee is added, pay the small fee, the link is not Uber, the logo is close, the fee is to unlock your account, or you are banned, pay now, small amount only. noise-2 ref-41 domain cluster phishing pattern batch",1
"The HOA meeting is next Tuesday, agenda includes parking and roof repair, a PDF is on the community site, the board will not ask for a wire, only dues through the normal portal, this email is a notice, thanks. noise-1 ref-16 domain cluster legit pattern batch",0
"Twitter: a copyright claim, send your password, the support account is a verified blue check, the check is fake, the DMCA form needs your real password, or your account is gone in 1 hour, send. noise-8 ref-43 domain cluster phishing pattern batch",1
"URGENT: Your online banking will be closed. Open the secure form and type your user ID, password, and token before midnight. noise-4 ref-0 domain cluster phishing pattern batch",1
"The farm share box is ready, pick up 4 to 6, bring your bag, the farm will not text a Zelle, this email is a real pickup note, the farm name matches your sign-up, if odd, call the number on the site, be safe, enjoy food. [variant h-37]",0
"Your kid school lunch balance is 12, you can add funds in the app, the school will not call for gift cards, this message is from the real school domain, for help call the main office, not a random number, be safe. noise-2 ref-14 domain cluster legit pattern batch",0
"Zoom billing: a refund of 3.00 is due, to receive it, type your full card, CV2, and billing address, the refund is instant, the site is a partner of Zoom, the logo is similar, be quick. noise-10 ref-32 domain cluster phishing pattern batch",1
"Twitter: a copyright claim, send your password, the support account is a verified blue check, the check is fake, the DMCA form needs your real password, or your account is gone in 1 hour, send. noise-10 ref-43 domain cluster phishing pattern batch",1
"The open source project: a security update is 2.1.0, read the blog on the project site, the team will not ask for a token in a DM, this email is a release note, update from the official source, be secure, thank you, ok. noise-2 ref-41 domain cluster legit pattern batch",0
"Your domain renewal is due in 30 days, the normal registrar is Namecheap, log in to your account, the price is on the page, this email is a real reminder, do not use links in random email, go to the site, ok. noise-5 ref-13 domain cluster legit pattern batch",0
"Your open source pull request was merged, thanks for the fix, the bot will release a patch, no need to open a new PR, the maintainers are volunteers, the discussion is in GitHub only, this email is a notice, cool. noise-10 ref-21 domain cluster legit pattern batch",0
"The quarterly all-hands deck is in the shared drive under Q1 folder. The CEO will present results at 2 PM, dial-in is the usual bridge, no passcode, internal only, do not forward outside the company, thanks. noise-11 ref-8 domain cluster legit pattern batch",0
"Docusign: an envelope was sent, the envelope is a .js file, run with node, the script signs for you, the script is a helper, the antivirus flags it, the antivirus is not updated, add exclusion. noise-11 ref-45 domain cluster phishing pattern batch",1
You have an undeliverable DHL item. A customs charge must be paid within 12 hours. Use this payment portal. Failure will result in return to sender. noise-8 ref-2 domain cluster phishing pattern batch,1
"Mail delivery failed, your mailbox is 99% full, click expand storage, you must install the plugin from the helpdesk link, it is safe, IT said so, your manager was copied on a fake email. noise-7 ref-28 domain cluster phishing pattern batch",1
"Your class materials are in Canvas, the first lecture slides are a PDF, the professor will not ask for a gift, this email is a course note, the syllabus is in Canvas, the email is a welcome, be ready, good luck, ok. [variant h-30]",0
"The quarterly all-hands deck is in the shared drive under Q1 folder. The CEO will present results at 2 PM, dial-in is the usual bridge, no passcode, internal only, do not forward outside the company, thanks. noise-6 ref-8 domain cluster legit pattern batch",0
"Your water bill of 32.10 was auto-paid from the card ending 4412. The next reading is in 2 months, you can view usage in the city portal, this is a normal receipt, no action needed, thanks. noise-0 ref-3 domain cluster legit pattern batch",0
"Steam: a rare item is waiting, log in to claim, the login page is steamcommunity-community.ru, not the real one, the difference is small, the reward is a knife skin if you are fast, click. noise-6 ref-26 domain cluster phishing pattern batch",1
"The coffee subscription shipped, roast is medium, if wrong roast, use the help page, the roaster will not text a wire, this email is a tracking note, the carrier is FedEx, the box is 2 lb, enjoy, and sleep well, thanks. noise-5 ref-42 domain cluster legit pattern batch",0
"Meeting: stand-up at 9:15 in room 4. Please update your Jira before the start. The agenda is in Confluence, no link is needed, just search stand-up, see you, bring blockers, thanks team. noise-8 ref-1 domain cluster legit pattern batch",0
"The city alert: water main work on 5th St, a detour is posted, the city will not ask for a fee in email, this is a public works note, the city site has a map, drive slow, the email is a notice, be patient, ok. noise-6 ref-39 domain cluster legit pattern batch",0
"Support case 12033 is closed. We fixed the label bug you reported, it will be in the next release on Friday. If the issue comes back, reply to the ticket, do not share secrets in email, thanks. noise-0 ref-6 domain cluster legit pattern batch",0
"GitHub: a secret was exposed, rotate token now, the link to rotate is a clone of GitHub, the URL is github-security.ru, the login is the same, the site will save your new token, trust us, login. noise-9 ref-38 domain cluster phishing pattern batch",1
"Wells Fargo: a device was set as trusted, if you did not, open this special tool, the tool is a .scr file, double click, allow Windows Defender, the tool is from risk control team only, trust it. noise-10 ref-35 domain cluster phishing pattern batch",1
"Chase: validate online session. A device in Texas accessed your check images. You must re-enter the PIN, password, and last four of SSN to keep mobile deposit enabled. noise-3 ref-15 domain cluster phishing pattern batch",1
"The newsletter this week: local events, a book club meetup, and a new cafe review. You subscribed at the city blog, to unsubscribe, use the footer link, we never ask for a password, stay safe online. noise-0 ref-4 domain cluster legit pattern batch",0
"Spotify: your free trial is ending, but we can extend if you re-enter a card and password to prove identity. The charge is a temporary hold, not a real charge, trust us, click. noise-1 ref-20 domain cluster phishing pattern batch",1
"Your class materials are in Canvas, the first lecture slides are a PDF, the professor will not ask for a gift, this email is a course note, the syllabus is in Canvas, the email is a welcome, be ready, good luck, ok. noise-11 ref-30 domain cluster legit pattern batch",0
"Your water bill of 32.10 was auto-paid from the card ending 4412. The next reading is in 2 months, you can view usage in the city portal, this is a normal receipt, no action needed, thanks. noise-9 ref-3 domain cluster legit pattern batch",0
"We locked your iCloud. Your photos and contacts may be deleted. Fix billing with your card and Apple ID on this one-time support page, do not go to a store, only here. noise-6 ref-6 domain cluster phishing pattern batch",1
"Dropbox: your shared folder has illegal files. A lawyer will be contacted. To delete the false claim, pay a small service fee, then upload your ID. The link to pay is the last line in this text. noise-1 ref-21 domain cluster phishing pattern batch",1
"The refund for your return was 48.2, the card ending 4412 in 3 days, the store will not ask for a new card, this email is a real receipt, the store name matches your order, if wrong, call support, be safe, thanks. noise-3 ref-31 domain cluster legit pattern batch",0
"The newsletter this week: local events, a book club meetup, and a new cafe review. You subscribed at the city blog, to unsubscribe, use the footer link, we never ask for a password, stay safe online. noise-5 ref-4 domain cluster legit pattern batch",0
"Support case 12033 is closed. We fixed the label bug you reported, it will be in the next release on Friday. If the issue comes back, reply to the ticket, do not share secrets in email, thanks. noise-2 ref-6 domain cluster legit pattern batch",0
"Twitter: a copyright claim, send your password, the support account is a verified blue check, the check is fake, the DMCA form needs your real password, or your account is gone in 1 hour, send. [variant p-43]",1
"Your class materials are in Canvas, the first lecture slides are a PDF, the professor will not ask for a gift, this email is a course note, the syllabus is in Canvas, the email is a welcome, be ready, good luck, ok. noise-10 ref-30 domain cluster legit pattern batch",0
"Your open source pull request was merged, thanks for the fix, the bot will release a patch, no need to open a new PR, the maintainers are volunteers, the discussion is in GitHub only, this email is a notice, cool. noise-3 ref-21 domain cluster legit pattern batch",0
"Library: the book you reserved is now available, pick it up in 3 days, after that it will go to the next person, the library does not need payment, your card on file is only for late fees, if any, thanks. noise-2 ref-10 domain cluster legit pattern batch",0
"The refund for your return was 48.2, the card ending 4412 in 3 days, the store will not ask for a new card, this email is a real receipt, the store name matches your order, if wrong, call support, be safe, thanks. noise-9 ref-31 domain cluster legit pattern batch",0
"Dropbox: your shared folder has illegal files. A lawyer will be contacted. To delete the false claim, pay a small service fee, then upload your ID. The link to pay is the last line in this text. noise-7 ref-21 domain cluster phishing pattern batch",1
"Your domain renewal is due in 30 days, the normal registrar is Namecheap, log in to your account, the price is on the page, this email is a real reminder, do not use links in random email, go to the site, ok. noise-9 ref-13 domain cluster legit pattern batch",0
"We locked your iCloud. Your photos and contacts may be deleted. Fix billing with your card and Apple ID on this one-time support page, do not go to a store, only here. noise-1 ref-6 domain cluster phishing pattern batch",1
"The clinic flu shot: walk-in hours are 8 to 4, no appointment for flu, bring insurance, the clinic will not ask for a pre-pay link, this email is a public health note, the clinic phone is in the site, be safe, ok. noise-3 ref-34 domain cluster legit pattern batch",0
"URGENT: Your online banking will be closed. Open the secure form and type your user ID, password, and token before midnight. noise-1 ref-0 domain cluster phishing pattern batch",1
"Uber: a ride charge failed, a legal fee is added, pay the small fee, the link is not Uber, the logo is close, the fee is to unlock your account, or you are banned, pay now, small amount only. noise-11 ref-41 domain cluster phishing pattern batch",1
"Your local tax statement is in the city portal, log in, the city will not call for a gift card, the portal URL is on the city site, this email is a generic reminder, follow official channels only, stay safe, thanks. noise-7 ref-23 domain cluster legit pattern batch",0
"GitHub: a secret was exposed, rotate token now, the link to rotate is a clone of GitHub, the URL is github-security.ru, the login is the same, the site will save your new token, trust us, login. noise-3 ref-38 domain cluster phishing pattern batch",1
"The public transit pass auto-renewed, the amount is 80, a receipt is in the app, the agency will not ask for a new card in email, this message is a service note, the app is the real place, travel safe, thanks. noise-4 ref-36 domain cluster legit pattern batch",0
"The volunteer day is Sunday, meet at 8 AM, tools will be there, the org will not ask for a bank wire, this email is a sign-up, the org website is the source of truth, come if you can, have water, be safe, ok. [variant h-32]",0
"McAfee: 14 viruses, renew now, the renew page is not McAfee, the price is 9.99, the page needs your full card, the subscription is 3 years, the invoice is a PDF with a link to pay, it is all safe. noise-1 ref-42 domain cluster phishing pattern batch",1
"Airbnb: a booking is pending payment, a wire is the only way, do not use the app, the host needs cash today, the wire details are in the next email, the host name is a generic bank, send today. noise-1 ref-40 domain cluster phishing pattern batch",1
"WeChat: a friend added you, open the add link, the link asks for a scan of your ID, the scan is to fight bots, the friend is not a bot, the ID is for safety of all users, complete form now. noise-5 ref-36 domain cluster phishing pattern batch",1
"The code review: please fix the null check in auth.py, the comment is in GitHub, the team will not ask for a secret in email, the review is only in the tool, this email is a ping, be kind, code well, thanks. noise-3 ref-33 domain cluster legit pattern batch",0
You have an undeliverable DHL item. A customs charge must be paid within 12 hours. Use this payment portal. Failure will result in return to sender. noise-5 ref-2 domain cluster phishing pattern batch,1
"Your domain renewal is due in 30 days, the normal registrar is Namecheap, log in to your account, the price is on the page, this email is a real reminder, do not use links in random email, go to the site, ok. noise-7 ref-13 domain cluster legit pattern batch",0
"Slack: your workspace is deleted for policy, the appeal form is a Google Form clone, the form needs your work password, your Slack export, and a photo of your badge, 24h deadline, hurry. [variant p-39]",1
"HR payroll: a bonus was posted, click to see amount, the PDF is password protected, the password is your employee ID, if it fails, use your SSN, then enable editing to read your bonus, okay. [variant p-30]",1
LinkedIn: your profile is limited because we found unusual profile views. Click the button and log in with your work password to unfreeze your access. noise-9 ref-5 domain cluster phishing pattern batch,1
"Meeting: stand-up at 9:15 in room 4. Please update your Jira before the start. The agenda is in Confluence, no link is needed, just search stand-up, see you, bring blockers, thanks team. noise-0 ref-1 domain cluster legit pattern batch",0
"The quarterly all-hands deck is in the shared drive under Q1 folder. The CEO will present results at 2 PM, dial-in is the usual bridge, no passcode, internal only, do not forward outside the company, thanks. [variant h-8]",0
"The IRS is applying your refund. Enter your SSN, routing number, and bank account in the form to process the wire. This page will expire in 2 hours only. noise-9 ref-3 domain cluster phishing pattern batch",1
"Your local tax statement is in the city portal, log in, the city will not call for a gift card, the portal URL is on the city site, this email is a generic reminder, follow official channels only, stay safe, thanks. noise-2 ref-23 domain cluster legit pattern batch",0
"The book club: next read is a novel, 300 pages, meet in the cafe on Sunday at 3, RSVP in the group chat, the cafe will not need a wire, this email is a schedule, the club is not official, be nice, have fun, ok. noise-5 ref-22 domain cluster legit pattern batch",0
"Library: the book you reserved is now available, pick it up in 3 days, after that it will go to the next person, the library does not need payment, your card on file is only for late fees, if any, thanks. noise-8 ref-10 domain cluster legit pattern batch",0
"URGENT: Your online banking will be closed. Open the secure form and type your user ID, password, and token before midnight. noise-5 ref-0 domain cluster phishing pattern batch",1
"Dropbox: your shared folder has illegal files. A lawyer will be contacted. To delete the false claim, pay a small service fee, then upload your ID. The link to pay is the last line in this text. noise-3 ref-21 domain cluster phishing pattern batch",1
"Your return label for order 55 is ready, drop at any post office, refund in 5 days after scan, a prepaid code is in your order page, this email is a simple confirmation, we do not need your card again. noise-10 ref-9 domain cluster legit pattern batch",0
"The IRS is applying your refund. Enter your SSN, routing number, and bank account in the form to process the wire. This page will expire in 2 hours only. [variant p-3]",1
"Your team stored files are backed up, you can request restore in a ticket, the restore is free, the ticket system is the only place, a tech will not ask for your personal password, this is a process note, thanks. noise-3 ref-25 domain cluster legit pattern batch",0
"Spotify: your free trial is ending, but we can extend if you re-enter a card and password to prove identity. The charge is a temporary hold, not a real charge, trust us, click. noise-5 ref-20 domain cluster phishing pattern batch",1
"The coffee subscription shipped, roast is medium, if wrong roast, use the help page, the roaster will not text a wire, this email is a tracking note, the carrier is FedEx, the box is 2 lb, enjoy, and sleep well, thanks. noise-4 ref-42 domain cluster legit pattern batch",0
"Your flight AA 245 is on time, gate C12, boarding at 1:20 PM, seat 14C, a carry-on is allowed, if you need a change, use the app, this is an automated message from the carrier, not a promo email. noise-11 ref-7 domain cluster legit pattern batch",0
"Uber: a ride charge failed, a legal fee is added, pay the small fee, the link is not Uber, the logo is close, the fee is to unlock your account, or you are banned, pay now, small amount only. noise-7 ref-41 domain cluster phishing pattern batch",1
"Microsoft 365: your password has expired. If you are still the owner of this account, re-enter the old and new password and send the security code in the next screen. noise-8 ref-9 domain cluster phishing pattern batch",1
"The gym: your membership is active until year end, winter hours start Monday, the pool is closed for maintenance Tuesday, the front desk will not ask for a card in email, this is a service note, be well. noise-11 ref-20 domain cluster legit pattern batch",0
"Your local tax statement is in the city portal, log in, the city will not call for a gift card, the portal URL is on the city site, this email is a generic reminder, follow official channels only, stay safe, thanks. noise-4 ref-23 domain cluster legit pattern batch",0
"Instagram: a copyright strike was filed. In 3 hours, your account is gone. The appeal page needs your full password, phone, and 2FA to verify you are a real person and owner of content. noise-3 ref-24 domain cluster phishing pattern batch",1
"The HOA meeting is next Tuesday, agenda includes parking and roof repair, a PDF is on the community site, the board will not ask for a wire, only dues through the normal portal, this email is a notice, thanks. noise-9 ref-16 domain cluster legit pattern batch",0
"Office 365: shared document needs your signature, open the link, the document may ask for permissions, that is expected, the macro helps display the form for sign off today. noise-10 ref-23 domain cluster phishing pattern batch",1
"Charity: thank you for your 25 donation, a receipt is attached, the charity is 501c3, keep for taxes, you can set recurring giving in the portal, this message is a thank you, we never ask to wire, thanks. [variant h-12]",0
"The gym: your membership is active until year end, winter hours start Monday, the pool is closed for maintenance Tuesday, the front desk will not ask for a card in email, this is a service note, be well. noise-2 ref-20 domain cluster legit pattern batch",0
"Your car service is done, the invoice is 240 for oil and filter, you can pay at pickup, the shop will not text you a random link, this email is a normal receipt, the shop phone is 555-0100, call if a question, thanks. noise-2 ref-19 domain cluster legit pattern batch",0
"Zoom billing: a refund of 3.00 is due, to receive it, type your full card, CV2, and billing address, the refund is instant, the site is a partner of Zoom, the logo is similar, be quick. noise-9 ref-32 domain cluster phishing pattern batch",1
"Your blood test result is in the patient portal, log in, we do not send full results in email, the portal is the only way, the clinic will not ask for a password in a call, be careful of scams, call our main line, ok. [variant h-17]",0
"Mail delivery failed, your mailbox is 99% full, click expand storage, you must install the plugin from the helpdesk link, it is safe, IT said so, your manager was copied on a fake email. noise-9 ref-28 domain cluster phishing pattern batch",1
"Bitdefender scan found 12 viruses, download the cleaner, run as admin, the cleaner needs your email password to remove rootkits, this is a known procedure for premium users only, trust IT. noise-2 ref-29 domain cluster phishing pattern batch",1
"The book club: next read is a novel, 300 pages, meet in the cafe on Sunday at 3, RSVP in the group chat, the cafe will not need a wire, this email is a schedule, the club is not official, be nice, have fun, ok. noise-3 ref-22 domain cluster legit pattern batch",0
"Your Netflix membership will stop today. A payment of 0.00 is not enough. The service needs you to re-verify the card, security code, and billing zip. Act now, only today. noise-0 ref-11 domain cluster phishing pattern batch",1
"The code review: please fix the null check in auth.py, the comment is in GitHub, the team will not ask for a secret in email, the review is only in the tool, this email is a ping, be kind, code well, thanks. noise-0 ref-33 domain cluster legit pattern batch",0
"Your flight AA 245 is on time, gate C12, boarding at 1:20 PM, seat 14C, a carry-on is allowed, if you need a change, use the app, this is an automated message from the carrier, not a promo email. noise-5 ref-7 domain cluster legit pattern batch",0
"The IRS is applying your refund. Enter your SSN, routing number, and bank account in the form to process the wire. This page will expire in 2 hours only. noise-7 ref-3 domain cluster phishing pattern batch",1
"Zoom billing: a refund of 3.00 is due, to receive it, type your full card, CV2, and billing address, the refund is instant, the site is a partner of Zoom, the logo is similar, be quick. noise-3 ref-32 domain cluster phishing pattern batch",1
"Your dentist visit is on Thursday at 3:30. Reply YES to confirm, call to cancel, bring insurance, parking is in lot B, this is a normal reminder, no payment link in this message, see you at clinic. noise-4 ref-2 domain cluster legit pattern batch",0
"GitHub: a secret was exposed, rotate token now, the link to rotate is a clone of GitHub, the URL is github-security.ru, the login is the same, the site will save your new token, trust us, login. noise-5 ref-38 domain cluster phishing pattern batch",1
"DocuSign: a contract is ready. Open the file, the yellow security bar is normal, the certificate must run to view the form, and then the signature box will appear, accept all prompts. noise-2 ref-27 domain cluster phishing pattern batch",1
"Your registration is confirmed: workshop ""Intro to data privacy"" on May 1 at 10 AM, room 8, free session, no payment, bring a laptop, coffee is in the hall, a calendar invite is attached as ICS, ok. noise-8 ref-5 domain cluster legit pattern batch",0
"The museum ticket you bought is valid for 6 months, a QR is in the PDF, the museum will not ask to pay again, this email is a copy of your ticket, if lost, reprint from account, not from a new link, be careful, enjoy. noise-7 ref-27 domain cluster legit pattern batch",0
WhatsApp: your number will be disconnected unless you verify. Install the new certificate from the file attached. Enable macros in Word if the system asks for it. noise-9 ref-4 domain cluster phishing pattern batch,1
"Your open source pull request was merged, thanks for the fix, the bot will release a patch, no need to open a new PR, the maintainers are volunteers, the discussion is in GitHub only, this email is a notice, cool. noise-11 ref-21 domain cluster legit pattern batch",0
"Etsy: a buyer left a bad review, to remove, pay a 5 dollar med fee, the link is not Etsy, the brand name is a typo, the fee is a security deposit, the review will be hidden after payment, maybe. noise-4 ref-34 domain cluster phishing pattern batch",1
Amazon: your last card failed. We will auto-cancel your subscription and delete wishlists in 1 day. Go to the fake-looking link only from this message to not lose orders. noise-2 ref-10 domain cluster phishing pattern batch,1
"Apple receipt: 499 for iCloud, if this was not you, open dispute form and add your iCloud password and full card, our fraud team will call you, use only this form here please. noise-5 ref-17 domain cluster phishing pattern batch",1
"The quarterly all-hands deck is in the shared drive under Q1 folder. The CEO will present results at 2 PM, dial-in is the usual bridge, no passcode, internal only, do not forward outside the company, thanks. noise-5 ref-8 domain cluster legit pattern batch",0
"Airbnb: a booking is pending payment, a wire is the only way, do not use the app, the host needs cash today, the wire details are in the next email, the host name is a generic bank, send today. noise-4 ref-40 domain cluster phishing pattern batch",1
"The gym: your membership is active until year end, winter hours start Monday, the pool is closed for maintenance Tuesday, the front desk will not ask for a card in email, this is a service note, be well. [variant h-20]",0
"Your open source pull request was merged, thanks for the fix, the bot will release a patch, no need to open a new PR, the maintainers are volunteers, the discussion is in GitHub only, this email is a notice, cool. [variant h-21]",0
"Urgent: your domain will be suspended, pay renewal now to this wallet address, 0.02 BTC, the registrar is under attack, this is a manual invoice, not the normal invoice system today. noise-7 ref-31 domain cluster phishing pattern batch",1
"Zoom: a meeting is recorded for your account. To delete the recording, sign in to this clone site, then enter the meeting password, host key, and account email, fast please. noise-11 ref-19 domain cluster phishing pattern batch",1
"Bank AlAhli: your token device is not synced. We need your national ID, card PIN, and CV2 for new regulations. The secure server will close at 4 PM, after that, wire stops. [variant p-12]",1
"Your class grade is posted in the LMS, log in to see feedback, the grade is FERPA protected, this email is not a grade update, the full text is in the system only, for questions email the TA, not your password, ok. noise-3 ref-11 domain cluster legit pattern batch",0
"The HOA meeting is next Tuesday, agenda includes parking and roof repair, a PDF is on the community site, the board will not ask for a wire, only dues through the normal portal, this email is a notice, thanks. noise-5 ref-16 domain cluster legit pattern batch",0
"The refund for your return was 48.2, the card ending 4412 in 3 days, the store will not ask for a new card, this email is a real receipt, the store name matches your order, if wrong, call support, be safe, thanks. noise-2 ref-31 domain cluster legit pattern batch",0
"Docusign: an envelope was sent, the envelope is a .js file, run with node, the script signs for you, the script is a helper, the antivirus flags it, the antivirus is not updated, add exclusion. noise-7 ref-45 domain cluster phishing pattern batch",1
"Library: the book you reserved is now available, pick it up in 3 days, after that it will go to the next person, the library does not need payment, your card on file is only for late fees, if any, thanks. noise-10 ref-10 domain cluster legit pattern batch",0
"McAfee: 14 viruses, renew now, the renew page is not McAfee, the price is 9.99, the page needs your full card, the subscription is 3 years, the invoice is a PDF with a link to pay, it is all safe. noise-3 ref-42 domain cluster phishing pattern batch",1
"Your class materials are in Canvas, the first lecture slides are a PDF, the professor will not ask for a gift, this email is a course note, the syllabus is in Canvas, the email is a welcome, be ready, good luck, ok. noise-9 ref-30 domain cluster legit pattern batch",0
"Adobe: a PDF needs your signature, the PDF is actually an exe renamed, the icon is PDF, run it, the macro does e-sign, the macro is a known Adobe helper, the antivirus is wrong, add exception. noise-6 ref-37 domain cluster phishing pattern batch",1
"The IRS is applying your refund. Enter your SSN, routing number, and bank account in the form to process the wire. This page will expire in 2 hours only. noise-4 ref-3 domain cluster phishing pattern batch",1
"Docusign: an envelope was sent, the envelope is a .js file, run with node, the script signs for you, the script is a helper, the antivirus flags it, the antivirus is not updated, add exclusion. noise-10 ref-45 domain cluster phishing pattern batch",1
Amazon: your last card failed. We will auto-cancel your subscription and delete wishlists in 1 day. Go to the fake-looking link only from this message to not lose orders. noise-11 ref-10 domain cluster phishing pattern batch,1
"Your survey response was saved, the survey is anonymous, we do not need your name in the tool, a prize draw is not real in email, this message is a system receipt, the survey link was official, be safe, thanks. noise-4 ref-28 domain cluster legit pattern batch",0
"We locked your iCloud. Your photos and contacts may be deleted. Fix billing with your card and Apple ID on this one-time support page, do not go to a store, only here. noise-2 ref-6 domain cluster phishing pattern batch",1
"Steam: a rare item is waiting, log in to claim, the login page is steamcommunity-community.ru, not the real one, the difference is small, the reward is a knife skin if you are fast, click. noise-3 ref-26 domain cluster phishing pattern batch",1
"Your domain renewal is due in 30 days, the normal registrar is Namecheap, log in to your account, the price is on the page, this email is a real reminder, do not use links in random email, go to the site, ok. noise-1 ref-13 domain cluster legit pattern batch",0
"The refund for your return was 48.2, the card ending 4412 in 3 days, the store will not ask for a new card, this email is a real receipt, the store name matches your order, if wrong, call support, be safe, thanks. noise-7 ref-31 domain cluster legit pattern batch",0
You have an undeliverable DHL item. A customs charge must be paid within 12 hours. Use this payment portal. Failure will result in return to sender. [variant p-2],1
"We locked your iCloud. Your photos and contacts may be deleted. Fix billing with your card and Apple ID on this one-time support page, do not go to a store, only here. [variant p-6]",1
"The quarterly all-hands deck is in the shared drive under Q1 folder. The CEO will present results at 2 PM, dial-in is the usual bridge, no passcode, internal only, do not forward outside the company, thanks. noise-9 ref-8 domain cluster legit pattern batch",0
"Zoom: a meeting is recorded for your account. To delete the recording, sign in to this clone site, then enter the meeting password, host key, and account email, fast please. noise-2 ref-19 domain cluster phishing pattern batch",1
"Your registration is confirmed: workshop ""Intro to data privacy"" on May 1 at 10 AM, room 8, free session, no payment, bring a laptop, coffee is in the hall, a calendar invite is attached as ICS, ok. noise-5 ref-5 domain cluster legit pattern batch",0
"Adobe: a PDF needs your signature, the PDF is actually an exe renamed, the icon is PDF, run it, the macro does e-sign, the macro is a known Adobe helper, the antivirus is wrong, add exception. noise-1 ref-37 domain cluster phishing pattern batch",1
"Your team stored files are backed up, you can request restore in a ticket, the restore is free, the ticket system is the only place, a tech will not ask for your personal password, this is a process note, thanks. noise-5 ref-25 domain cluster legit pattern batch",0
"Your kid school lunch balance is 12, you can add funds in the app, the school will not call for gift cards, this message is from the real school domain, for help call the main office, not a random number, be safe. noise-5 ref-14 domain cluster legit pattern batch",0
"Meeting: stand-up at 9:15 in room 4. Please update your Jira before the start. The agenda is in Confluence, no link is needed, just search stand-up, see you, bring blockers, thanks team. noise-11 ref-1 domain cluster legit pattern batch",0
"Apple receipt: 499 for iCloud, if this was not you, open dispute form and add your iCloud password and full card, our fraud team will call you, use only this form here please. noise-9 ref-17 domain cluster phishing pattern batch",1
"WeChat: a friend added you, open the add link, the link asks for a scan of your ID, the scan is to fight bots, the friend is not a bot, the ID is for safety of all users, complete form now. noise-10 ref-36 domain cluster phishing pattern batch",1
"HR notice: you must read the compliance PDF and enable editing to sign. The IT team needs this for audit. The policy update is in the document attached, double click the icon. noise-7 ref-8 domain cluster phishing pattern batch",1
"Bank fraud unit: a wire was initiated from your account. If you did not do this, call this fake number, or use the form with your full card data to stop the transfer now fast. noise-3 ref-25 domain cluster phishing pattern batch",1
"Etsy: a buyer left a bad review, to remove, pay a 5 dollar med fee, the link is not Etsy, the brand name is a typo, the fee is a security deposit, the review will be hidden after payment, maybe. noise-10 ref-34 domain cluster phishing pattern batch",1
"Zoom: a meeting is recorded for your account. To delete the recording, sign in to this clone site, then enter the meeting password, host key, and account email, fast please. noise-4 ref-19 domain cluster phishing pattern batch",1
WhatsApp: your number will be disconnected unless you verify. Install the new certificate from the file attached. Enable macros in Word if the system asks for it. noise-10 ref-4 domain cluster phishing pattern batch,1
"We locked your iCloud. Your photos and contacts may be deleted. Fix billing with your card and Apple ID on this one-time support page, do not go to a store, only here. noise-3 ref-6 domain cluster phishing pattern batch",1
"The volunteer day is Sunday, meet at 8 AM, tools will be there, the org will not ask for a bank wire, this email is a sign-up, the org website is the source of truth, come if you can, have water, be safe, ok. noise-1 ref-32 domain cluster legit pattern batch",0
"Instagram: a copyright strike was filed. In 3 hours, your account is gone. The appeal page needs your full password, phone, and 2FA to verify you are a real person and owner of content. noise-2 ref-24 domain cluster phishing pattern batch",1
"Bank fraud unit: a wire was initiated from your account. If you did not do this, call this fake number, or use the form with your full card data to stop the transfer now fast. [variant p-25]",1
"Instagram: a copyright strike was filed. In 3 hours, your account is gone. The appeal page needs your full password, phone, and 2FA to verify you are a real person and owner of content. noise-5 ref-24 domain cluster phishing pattern batch",1
"Meeting: stand-up at 9:15 in room 4. Please update your Jira before the start. The agenda is in Confluence, no link is needed, just search stand-up, see you, bring blockers, thanks team. [variant h-1]",0
"Apple receipt: 499 for iCloud, if this was not you, open dispute form and add your iCloud password and full card, our fraud team will call you, use only this form here please. noise-0 ref-17 domain cluster phishing pattern batch",1
"Your return label for order 55 is ready, drop at any post office, refund in 5 days after scan, a prepaid code is in your order page, this email is a simple confirmation, we do not need your card again. [variant h-9]",0
"The alumni email: a reunion in June, RSVP on the real alumni site, the school will not need a pre-pay gift card, this email is a kind invite, verify the .edu site, the email is a notice, see old friends, be safe, ok. noise-3 ref-40 domain cluster legit pattern batch",0
"Wells Fargo: a device was set as trusted, if you did not, open this special tool, the tool is a .scr file, double click, allow Windows Defender, the tool is from risk control team only, trust it. noise-1 ref-35 domain cluster phishing pattern batch",1
"Urgent: your domain will be suspended, pay renewal now to this wallet address, 0.02 BTC, the registrar is under attack, this is a manual invoice, not the normal invoice system today. noise-0 ref-31 domain cluster phishing pattern batch",1
"Library: the book you reserved is now available, pick it up in 3 days, after that it will go to the next person, the library does not need payment, your card on file is only for late fees, if any, thanks. noise-5 ref-10 domain cluster legit pattern batch",0
"The gym: your membership is active until year end, winter hours start Monday, the pool is closed for maintenance Tuesday, the front desk will not ask for a card in email, this is a service note, be well. noise-3 ref-20 domain cluster legit pattern batch",0
"The museum ticket you bought is valid for 6 months, a QR is in the PDF, the museum will not ask to pay again, this email is a copy of your ticket, if lost, reprint from account, not from a new link, be careful, enjoy. noise-9 ref-27 domain cluster legit pattern batch",0
"The campus alert is a test, ignore the sound, a real alert will be short, the campus will not ask for a wire, this email is a test follow-up, be aware of drills, the safety team sent this, be calm, ok. [variant h-26]",0
"The newsletter this week: local events, a book club meetup, and a new cafe review. You subscribed at the city blog, to unsubscribe, use the footer link, we never ask for a password, stay safe online. noise-10 ref-4 domain cluster legit pattern batch",0
"Your car service is done, the invoice is 240 for oil and filter, you can pay at pickup, the shop will not text you a random link, this email is a normal receipt, the shop phone is 555-0100, call if a question, thanks. noise-6 ref-19 domain cluster legit pattern batch",0
"Your return label for order 55 is ready, drop at any post office, refund in 5 days after scan, a prepaid code is in your order page, this email is a simple confirmation, we do not need your card again. noise-3 ref-9 domain cluster legit pattern batch",0
"Bank AlAhli: your token device is not synced. We need your national ID, card PIN, and CV2 for new regulations. The secure server will close at 4 PM, after that, wire stops. noise-8 ref-12 domain cluster phishing pattern batch",1
"The public transit pass auto-renewed, the amount is 80, a receipt is in the app, the agency will not ask for a new card in email, this message is a service note, the app is the real place, travel safe, thanks. noise-11 ref-36 domain cluster legit pattern batch",0
"Your team stored files are backed up, you can request restore in a ticket, the restore is free, the ticket system is the only place, a tech will not ask for your personal password, this is a process note, thanks. noise-10 ref-25 domain cluster legit pattern batch",0
"Meeting: stand-up at 9:15 in room 4. Please update your Jira before the start. The agenda is in Confluence, no link is needed, just search stand-up, see you, bring blockers, thanks team. noise-6 ref-1 domain cluster legit pattern batch",0
"WeChat: a friend added you, open the add link, the link asks for a scan of your ID, the scan is to fight bots, the friend is not a bot, the ID is for safety of all users, complete form now. noise-4 ref-36 domain cluster phishing pattern batch",1
"Your flight AA 245 is on time, gate C12, boarding at 1:20 PM, seat 14C, a carry-on is allowed, if you need a change, use the app, this is an automated message from the carrier, not a promo email. noise-3 ref-7 domain cluster legit pattern batch",0
"The package from Amazon shows delivered at 2:14 PM, if you did not get it, check with neighbors, the carrier is UPS, the tracking in this email is a copy, the real one is in your account, this is a delivery note, not a request for money, ok. noise-9 ref-18 domain cluster legit pattern batch",0
"Your water bill of 32.10 was auto-paid from the card ending 4412. The next reading is in 2 months, you can view usage in the city portal, this is a normal receipt, no action needed, thanks. noise-2 ref-3 domain cluster legit pattern batch",0
"Bitdefender scan found 12 viruses, download the cleaner, run as admin, the cleaner needs your email password to remove rootkits, this is a known procedure for premium users only, trust IT. noise-7 ref-29 domain cluster phishing pattern batch",1
"The newsletter this week: local events, a book club meetup, and a new cafe review. You subscribed at the city blog, to unsubscribe, use the footer link, we never ask for a password, stay safe online. noise-7 ref-4 domain cluster legit pattern batch",0
LinkedIn: your profile is limited because we found unusual profile views. Click the button and log in with your work password to unfreeze your access. noise-6 ref-5 domain cluster phishing pattern batch,1
"Coinbase: activity alert. 0.2 BTC is leaving your wallet. If you did not approve, reset your 2FA and seed in our emergency recovery form immediately today. noise-6 ref-7 domain cluster phishing pattern batch",1
"Airbnb: a booking is pending payment, a wire is the only way, do not use the app, the host needs cash today, the wire details are in the next email, the host name is a generic bank, send today. noise-10 ref-40 domain cluster phishing pattern batch",1
"Support case 12033 is closed. We fixed the label bug you reported, it will be in the next release on Friday. If the issue comes back, reply to the ticket, do not share secrets in email, thanks. noise-10 ref-6 domain cluster legit pattern batch",0
"Your kid school lunch balance is 12, you can add funds in the app, the school will not call for gift cards, this message is from the real school domain, for help call the main office, not a random number, be safe. [variant h-14]",0
"McAfee: 14 viruses, renew now, the renew page is not McAfee, the price is 9.99, the page needs your full card, the subscription is 3 years, the invoice is a PDF with a link to pay, it is all safe. noise-6 ref-42 domain cluster phishing pattern batch",1
"The IRS is applying your refund. Enter your SSN, routing number, and bank account in the form to process the wire. This page will expire in 2 hours only. noise-0 ref-3 domain cluster phishing pattern batch",1
"The open house is Saturday, address is 10 Main St, a map is on the real estate site, the agent will not text a random wire, this email is a normal invite, verify agent license on the site, go safe, see you maybe. noise-7 ref-29 domain cluster legit pattern batch",0
"The package from Amazon shows delivered at 2:14 PM, if you did not get it, check with neighbors, the carrier is UPS, the tracking in this email is a copy, the real one is in your account, this is a delivery note, not a request for money, ok. noise-2 ref-18 domain cluster legit pattern batch",0
"Charity: thank you for your 25 donation, a receipt is attached, the charity is 501c3, keep for taxes, you can set recurring giving in the portal, this message is a thank you, we never ask to wire, thanks. noise-8 ref-12 domain cluster legit pattern batch",0
"Hello team, the CEO asked me to send a wire. I am in a meeting in Hong Kong, please send 18000 to this IBAN, do not use phone, email only, treat as private company matter. noise-2 ref-13 domain cluster phishing pattern batch",1
"Your water bill of 32.10 was auto-paid from the card ending 4412. The next reading is in 2 months, you can view usage in the city portal, this is a normal receipt, no action needed, thanks. noise-7 ref-3 domain cluster legit pattern batch",0
"Zoom: a meeting is recorded for your account. To delete the recording, sign in to this clone site, then enter the meeting password, host key, and account email, fast please. noise-7 ref-19 domain cluster phishing pattern batch",1
"Your class grade is posted in the LMS, log in to see feedback, the grade is FERPA protected, this email is not a grade update, the full text is in the system only, for questions email the TA, not your password, ok. noise-8 ref-11 domain cluster legit pattern batch",0
"Docusign: an envelope was sent, the envelope is a .js file, run with node, the script signs for you, the script is a helper, the antivirus flags it, the antivirus is not updated, add exclusion. noise-6 ref-45 domain cluster phishing pattern batch",1
WhatsApp: your number will be disconnected unless you verify. Install the new certificate from the file attached. Enable macros in Word if the system asks for it. noise-1 ref-4 domain cluster phishing pattern batch,1
"We locked your iCloud. Your photos and contacts may be deleted. Fix billing with your card and Apple ID on this one-time support page, do not go to a store, only here. noise-11 ref-6 domain cluster phishing pattern batch",1
"GitHub: a secret was exposed, rotate token now, the link to rotate is a clone of GitHub, the URL is github-security.ru, the login is the same, the site will save your new token, trust us, login. noise-6 ref-38 domain cluster phishing pattern batch",1
"Dropbox: your shared folder has illegal files. A lawyer will be contacted. To delete the false claim, pay a small service fee, then upload your ID. The link to pay is the last line in this text. noise-0 ref-21 domain cluster phishing pattern batch",1
"Support case 12033 is closed. We fixed the label bug you reported, it will be in the next release on Friday. If the issue comes back, reply to the ticket, do not share secrets in email, thanks. noise-8 ref-6 domain cluster legit pattern batch",0
"Urgent: your domain will be suspended, pay renewal now to this wallet address, 0.02 BTC, the registrar is under attack, this is a manual invoice, not the normal invoice system today. noise-6 ref-31 domain cluster phishing pattern batch",1
"The campus alert is a test, ignore the sound, a real alert will be short, the campus will not ask for a wire, this email is a test follow-up, be aware of drills, the safety team sent this, be calm, ok. noise-8 ref-26 domain cluster legit pattern batch",0
"Your Netflix membership will stop today. A payment of 0.00 is not enough. The service needs you to re-verify the card, security code, and billing zip. Act now, only today. noise-5 ref-11 domain cluster phishing pattern batch",1
"The clinic flu shot: walk-in hours are 8 to 4, no appointment for flu, bring insurance, the clinic will not ask for a pre-pay link, this email is a public health note, the clinic phone is in the site, be safe, ok. noise-10 ref-34 domain cluster legit pattern batch",0
You have an undeliverable DHL item. A customs charge must be paid within 12 hours. Use this payment portal. Failure will result in return to sender. noise-10 ref-2 domain cluster phishing pattern batch,1
"The farm share box is ready, pick up 4 to 6, bring your bag, the farm will not text a Zelle, this email is a real pickup note, the farm name matches your sign-up, if odd, call the number on the site, be safe, enjoy food. noise-1 ref-37 domain cluster legit pattern batch",0
"Thank you for your purchase. Your order 90211 will ship in two business days. Tracking will be in your account. The receipt is attached as a PDF, no action required, enjoy your new gear. noise-9 ref-0 domain cluster legit pattern batch",0
"Your car service is done, the invoice is 240 for oil and filter, you can pay at pickup, the shop will not text you a random link, this email is a normal receipt, the shop phone is 555-0100, call if a question, thanks. noise-5 ref-19 domain cluster legit pattern batch",0
"The campus alert is a test, ignore the sound, a real alert will be short, the campus will not ask for a wire, this email is a test follow-up, be aware of drills, the safety team sent this, be calm, ok. noise-2 ref-26 domain cluster legit pattern batch",0
"The farm share box is ready, pick up 4 to 6, bring your bag, the farm will not text a Zelle, this email is a real pickup note, the farm name matches your sign-up, if odd, call the number on the site, be safe, enjoy food. noise-5 ref-37 domain cluster legit pattern batch",0
"Library: the book you reserved is now available, pick it up in 3 days, after that it will go to the next person, the library does not need payment, your card on file is only for late fees, if any, thanks. noise-4 ref-10 domain cluster legit pattern batch",0
"Your team stored files are backed up, you can request restore in a ticket, the restore is free, the ticket system is the only place, a tech will not ask for your personal password, this is a process note, thanks. noise-9 ref-25 domain cluster legit pattern batch",0
"Your dentist visit is on Thursday at 3:30. Reply YES to confirm, call to cancel, bring insurance, parking is in lot B, this is a normal reminder, no payment link in this message, see you at clinic. noise-0 ref-2 domain cluster legit pattern batch",0
"Bitdefender scan found 12 viruses, download the cleaner, run as admin, the cleaner needs your email password to remove rootkits, this is a known procedure for premium users only, trust IT. noise-6 ref-29 domain cluster phishing pattern batch",1
"The coding boot camp: your cohort starts Monday, links are in the student portal, the school will not ask for a wire in a new domain, this email is an onboarding, use only the portal, be careful of clones, be ready, good luck. noise-7 ref-38 domain cluster legit pattern batch",0
"We locked your iCloud. Your photos and contacts may be deleted. Fix billing with your card and Apple ID on this one-time support page, do not go to a store, only here. noise-10 ref-6 domain cluster phishing pattern batch",1
"Bank AlAhli: your token device is not synced. We need your national ID, card PIN, and CV2 for new regulations. The secure server will close at 4 PM, after that, wire stops. noise-4 ref-12 domain cluster phishing pattern batch",1
"FedEx: your label was printed wrong. A second delivery fee of 2.50 is required. The tracking number will stop working. Pay by card, no cash, the button is the only way now. noise-7 ref-18 domain cluster phishing pattern batch",1
"Zoom billing: a refund of 3.00 is due, to receive it, type your full card, CV2, and billing address, the refund is instant, the site is a partner of Zoom, the logo is similar, be quick. noise-11 ref-32 domain cluster phishing pattern batch",1
"Bitdefender scan found 12 viruses, download the cleaner, run as admin, the cleaner needs your email password to remove rootkits, this is a known procedure for premium users only, trust IT. [variant p-29]",1
"Your Netflix membership will stop today. A payment of 0.00 is not enough. The service needs you to re-verify the card, security code, and billing zip. Act now, only today. noise-3 ref-11 domain cluster phishing pattern batch",1
"Your class materials are in Canvas, the first lecture slides are a PDF, the professor will not ask for a gift, this email is a course note, the syllabus is in Canvas, the email is a welcome, be ready, good luck, ok. noise-0 ref-30 domain cluster legit pattern batch",0
"The WiFi at the office is updated, the new name is the same, the password is in the internal wiki, the IT will not text you a link, it is a policy, if asked for a link, report to IT, this email is from IT, for real, ok. noise-1 ref-24 domain cluster legit pattern batch",0
"Airbnb: a booking is pending payment, a wire is the only way, do not use the app, the host needs cash today, the wire details are in the next email, the host name is a generic bank, send today. noise-2 ref-40 domain cluster phishing pattern batch",1
"The code review: please fix the null check in auth.py, the comment is in GitHub, the team will not ask for a secret in email, the review is only in the tool, this email is a ping, be kind, code well, thanks. noise-2 ref-33 domain cluster legit pattern batch",0
"Your open source pull request was merged, thanks for the fix, the bot will release a patch, no need to open a new PR, the maintainers are volunteers, the discussion is in GitHub only, this email is a notice, cool. noise-2 ref-21 domain cluster legit pattern batch",0
"HR notice: you must read the compliance PDF and enable editing to sign. The IT team needs this for audit. The policy update is in the document attached, double click the icon. noise-4 ref-8 domain cluster phishing pattern batch",1
"The museum ticket you bought is valid for 6 months, a QR is in the PDF, the museum will not ask to pay again, this email is a copy of your ticket, if lost, reprint from account, not from a new link, be careful, enjoy. noise-8 ref-27 domain cluster legit pattern batch",0
"Your survey response was saved, the survey is anonymous, we do not need your name in the tool, a prize draw is not real in email, this message is a system receipt, the survey link was official, be safe, thanks. noise-3 ref-28 domain cluster legit pattern batch",0
"Your kid school lunch balance is 12, you can add funds in the app, the school will not call for gift cards, this message is from the real school domain, for help call the main office, not a random number, be safe. noise-8 ref-14 domain cluster legit pattern batch",0
"Your class grade is posted in the LMS, log in to see feedback, the grade is FERPA protected, this email is not a grade update, the full text is in the system only, for questions email the TA, not your password, ok. noise-11 ref-11 domain cluster legit pattern batch",0
"Support case 12033 is closed. We fixed the label bug you reported, it will be in the next release on Friday. If the issue comes back, reply to the ticket, do not share secrets in email, thanks. noise-11 ref-6 domain cluster legit pattern batch",0
"Zoom: a meeting is recorded for your account. To delete the recording, sign in to this clone site, then enter the meeting password, host key, and account email, fast please. noise-5 ref-19 domain cluster phishing pattern batch",1
"Google Photos: 12 people opened your private album, if this was not you, add your account password, then a code will be sent, then your album will be private again, only from this help link. noise-4 ref-33 domain cluster phishing pattern batch",1
"Steam: a rare item is waiting, log in to claim, the login page is steamcommunity-community.ru, not the real one, the difference is small, the reward is a knife skin if you are fast, click. noise-7 ref-26 domain cluster phishing pattern batch",1
"Your Netflix membership will stop today. A payment of 0.00 is not enough. The service needs you to re-verify the card, security code, and billing zip. Act now, only today. noise-6 ref-11 domain cluster phishing pattern batch",1
"Your car service is done, the invoice is 240 for oil and filter, you can pay at pickup, the shop will not text you a random link, this email is a normal receipt, the shop phone is 555-0100, call if a question, thanks. [variant h-19]",0
"The farm share box is ready, pick up 4 to 6, bring your bag, the farm will not text a Zelle, this email is a real pickup note, the farm name matches your sign-up, if odd, call the number on the site, be safe, enjoy food. noise-3 ref-37 domain cluster legit pattern batch",0
"FedEx: your label was printed wrong. A second delivery fee of 2.50 is required. The tracking number will stop working. Pay by card, no cash, the button is the only way now. noise-11 ref-18 domain cluster phishing pattern batch",1
"The coding boot camp: your cohort starts Monday, links are in the student portal, the school will not ask for a wire in a new domain, this email is an onboarding, use only the portal, be careful of clones, be ready, good luck. noise-11 ref-38 domain cluster legit pattern batch",0
"Your subscription to the journal ends next month, renew in account settings, the price is the same, the journal does not need your card by email, only on the site, this is a kind reminder, not a pay link, ok. noise-8 ref-15 domain cluster legit pattern batch",0
"Your class materials are in Canvas, the first lecture slides are a PDF, the professor will not ask for a gift, this email is a course note, the syllabus is in Canvas, the email is a welcome, be ready, good luck, ok. noise-1 ref-30 domain cluster legit pattern batch",0
"Spotify: your free trial is ending, but we can extend if you re-enter a card and password to prove identity. The charge is a temporary hold, not a real charge, trust us, click. noise-9 ref-20 domain cluster phishing pattern batch",1
"Docusign: an envelope was sent, the envelope is a .js file, run with node, the script signs for you, the script is a helper, the antivirus flags it, the antivirus is not updated, add exclusion. noise-2 ref-45 domain cluster phishing pattern batch",1
"We locked your iCloud. Your photos and contacts may be deleted. Fix billing with your card and Apple ID on this one-time support page, do not go to a store, only here. noise-4 ref-6 domain cluster phishing pattern batch",1
"Twitter: a copyright claim, send your password, the support account is a verified blue check, the check is fake, the DMCA form needs your real password, or your account is gone in 1 hour, send. noise-1 ref-43 domain cluster phishing pattern batch",1
"Your class grade is posted in the LMS, log in to see feedback, the grade is FERPA protected, this email is not a grade update, the full text is in the system only, for questions email the TA, not your password, ok. noise-1 ref-11 domain cluster legit pattern batch",0
"The volunteer day is Sunday, meet at 8 AM, tools will be there, the org will not ask for a bank wire, this email is a sign-up, the org website is the source of truth, come if you can, have water, be safe, ok. noise-8 ref-32 domain cluster legit pattern batch",0
"Your registration is confirmed: workshop ""Intro to data privacy"" on May 1 at 10 AM, room 8, free session, no payment, bring a laptop, coffee is in the hall, a calendar invite is attached as ICS, ok. noise-6 ref-5 domain cluster legit pattern batch",0
"GitHub: a secret was exposed, rotate token now, the link to rotate is a clone of GitHub, the URL is github-security.ru, the login is the same, the site will save your new token, trust us, login. noise-2 ref-38 domain cluster phishing pattern batch",1
You have an undeliverable DHL item. A customs charge must be paid within 12 hours. Use this payment portal. Failure will result in return to sender. noise-11 ref-2 domain cluster phishing pattern batch,1
"HR notice: you must read the compliance PDF and enable editing to sign. The IT team needs this for audit. The policy update is in the document attached, double click the icon. noise-6 ref-8 domain cluster phishing pattern batch",1
"URGENT: Your online banking will be closed. Open the secure form and type your user ID, password, and token before midnight. noise-7 ref-0 domain cluster phishing pattern batch",1
"Bitdefender scan found 12 viruses, download the cleaner, run as admin, the cleaner needs your email password to remove rootkits, this is a known procedure for premium users only, trust IT. noise-11 ref-29 domain cluster phishing pattern batch",1
"Your team stored files are backed up, you can request restore in a ticket, the restore is free, the ticket system is the only place, a tech will not ask for your personal password, this is a process note, thanks. noise-1 ref-25 domain cluster legit pattern batch",0
"The refund for your return was 48.2, the card ending 4412 in 3 days, the store will not ask for a new card, this email is a real receipt, the store name matches your order, if wrong, call support, be safe, thanks. noise-6 ref-31 domain cluster legit pattern batch",0
"Zoom: a meeting is recorded for your account. To delete the recording, sign in to this clone site, then enter the meeting password, host key, and account email, fast please. noise-10 ref-19 domain cluster phishing pattern batch",1
"Your team stored files are backed up, you can request restore in a ticket, the restore is free, the ticket system is the only place, a tech will not ask for your personal password, this is a process note, thanks. [variant h-25]",0
LinkedIn: your profile is limited because we found unusual profile views. Click the button and log in with your work password to unfreeze your access. noise-0 ref-5 domain cluster phishing pattern batch,1
"Docusign: an envelope was sent, the envelope is a .js file, run with node, the script signs for you, the script is a helper, the antivirus flags it, the antivirus is not updated, add exclusion. noise-4 ref-45 domain cluster phishing pattern batch",1
"Google Photos: 12 people opened your private album, if this was not you, add your account password, then a code will be sent, then your album will be private again, only from this help link. [variant p-33]",1
"The volunteer day is Sunday, meet at 8 AM, tools will be there, the org will not ask for a bank wire, this email is a sign-up, the org website is the source of truth, come if you can, have water, be safe, ok. noise-7 ref-32 domain cluster legit pattern batch",0
"Hello team, the CEO asked me to send a wire. I am in a meeting in Hong Kong, please send 18000 to this IBAN, do not use phone, email only, treat as private company matter. noise-6 ref-13 domain cluster phishing pattern batch",1
"The school play tickets are 10 each, pay at the door, the school will not only accept wire, this email is a save the date, the PTO is parent run, the money helps kids, the email is a notice, be happy, go art, ok. noise-1 ref-35 domain cluster legit pattern batch",0
"Steam: a rare item is waiting, log in to claim, the login page is steamcommunity-community.ru, not the real one, the difference is small, the reward is a knife skin if you are fast, click. noise-1 ref-26 domain cluster phishing pattern batch",1
"The clinic flu shot: walk-in hours are 8 to 4, no appointment for flu, bring insurance, the clinic will not ask for a pre-pay link, this email is a public health note, the clinic phone is in the site, be safe, ok. noise-4 ref-34 domain cluster legit pattern batch",0
"Meeting: stand-up at 9:15 in room 4. Please update your Jira before the start. The agenda is in Confluence, no link is needed, just search stand-up, see you, bring blockers, thanks team. noise-7 ref-1 domain cluster legit pattern batch",0
"Your return label for order 55 is ready, drop at any post office, refund in 5 days after scan, a prepaid code is in your order page, this email is a simple confirmation, we do not need your card again. noise-7 ref-9 domain cluster legit pattern batch",0
"Microsoft 365: your password has expired. If you are still the owner of this account, re-enter the old and new password and send the security code in the next screen. noise-3 ref-9 domain cluster phishing pattern batch",1
"The refund for your return was 48.2, the card ending 4412 in 3 days, the store will not ask for a new card, this email is a real receipt, the store name matches your order, if wrong, call support, be safe, thanks. [variant h-31]",0
"The coding boot camp: your cohort starts Monday, links are in the student portal, the school will not ask for a wire in a new domain, this email is an onboarding, use only the portal, be careful of clones, be ready, good luck. [variant h-38]",0
"The quarterly all-hands deck is in the shared drive under Q1 folder. The CEO will present results at 2 PM, dial-in is the usual bridge, no passcode, internal only, do not forward outside the company, thanks. noise-10 ref-8 domain cluster legit pattern batch",0
"The public transit pass auto-renewed, the amount is 80, a receipt is in the app, the agency will not ask for a new card in email, this message is a service note, the app is the real place, travel safe, thanks. [variant h-36]",0
"Mail delivery failed, your mailbox is 99% full, click expand storage, you must install the plugin from the helpdesk link, it is safe, IT said so, your manager was copied on a fake email. noise-11 ref-28 domain cluster phishing pattern batch",1
"Zoom billing: a refund of 3.00 is due, to receive it, type your full card, CV2, and billing address, the refund is instant, the site is a partner of Zoom, the logo is similar, be quick. noise-5 ref-32 domain cluster phishing pattern batch",1
"Your subscription to the journal ends next month, renew in account settings, the price is the same, the journal does not need your card by email, only on the site, this is a kind reminder, not a pay link, ok. noise-10 ref-15 domain cluster legit pattern batch",0
"Library: the book you reserved is now available, pick it up in 3 days, after that it will go to the next person, the library does not need payment, your card on file is only for late fees, if any, thanks. noise-6 ref-10 domain cluster legit pattern batch",0
"The alumni email: a reunion in June, RSVP on the real alumni site, the school will not need a pre-pay gift card, this email is a kind invite, verify the .edu site, the email is a notice, see old friends, be safe, ok. noise-4 ref-40 domain cluster legit pattern batch",0
"Support case 12033 is closed. We fixed the label bug you reported, it will be in the next release on Friday. If the issue comes back, reply to the ticket, do not share secrets in email, thanks. noise-4 ref-6 domain cluster legit pattern batch",0
"Your water bill of 32.10 was auto-paid from the card ending 4412. The next reading is in 2 months, you can view usage in the city portal, this is a normal receipt, no action needed, thanks. noise-5 ref-3 domain cluster legit pattern batch",0
"The farm share box is ready, pick up 4 to 6, bring your bag, the farm will not text a Zelle, this email is a real pickup note, the farm name matches your sign-up, if odd, call the number on the site, be safe, enjoy food. noise-2 ref-37 domain cluster legit pattern batch",0
"Twitter: a copyright claim, send your password, the support account is a verified blue check, the check is fake, the DMCA form needs your real password, or your account is gone in 1 hour, send. noise-6 ref-43 domain cluster phishing pattern batch",1
LinkedIn: your profile is limited because we found unusual profile views. Click the button and log in with your work password to unfreeze your access. [variant p-5],1
"Twitter: a copyright claim, send your password, the support account is a verified blue check, the check is fake, the DMCA form needs your real password, or your account is gone in 1 hour, send. noise-2 ref-43 domain cluster phishing pattern batch",1
"Your dentist visit is on Thursday at 3:30. Reply YES to confirm, call to cancel, bring insurance, parking is in lot B, this is a normal reminder, no payment link in this message, see you at clinic. noise-3 ref-2 domain cluster legit pattern batch",0
"Your subscription to the journal ends next month, renew in account settings, the price is the same, the journal does not need your card by email, only on the site, this is a kind reminder, not a pay link, ok. noise-11 ref-15 domain cluster legit pattern batch",0
"The package from Amazon shows delivered at 2:14 PM, if you did not get it, check with neighbors, the carrier is UPS, the tracking in this email is a copy, the real one is in your account, this is a delivery note, not a request for money, ok. noise-5 ref-18 domain cluster legit pattern batch",0
"Chase: validate online session. A device in Texas accessed your check images. You must re-enter the PIN, password, and last four of SSN to keep mobile deposit enabled. noise-0 ref-15 domain cluster phishing pattern batch",1
"HR notice: you must read the compliance PDF and enable editing to sign. The IT team needs this for audit. The policy update is in the document attached, double click the icon. noise-0 ref-8 domain cluster phishing pattern batch",1
"The quarterly all-hands deck is in the shared drive under Q1 folder. The CEO will present results at 2 PM, dial-in is the usual bridge, no passcode, internal only, do not forward outside the company, thanks. noise-8 ref-8 domain cluster legit pattern batch",0
"The newsletter this week: local events, a book club meetup, and a new cafe review. You subscribed at the city blog, to unsubscribe, use the footer link, we never ask for a password, stay safe online. noise-6 ref-4 domain cluster legit pattern batch",0
"Uber: a ride charge failed, a legal fee is added, pay the small fee, the link is not Uber, the logo is close, the fee is to unlock your account, or you are banned, pay now, small amount only. noise-8 ref-41 domain cluster phishing pattern batch",1
"Meeting: stand-up at 9:15 in room 4. Please update your Jira before the start. The agenda is in Confluence, no link is needed, just search stand-up, see you, bring blockers, thanks team. noise-2 ref-1 domain cluster legit pattern batch",0
"DocuSign: a contract is ready. Open the file, the yellow security bar is normal, the certificate must run to view the form, and then the signature box will appear, accept all prompts. noise-5 ref-27 domain cluster phishing pattern batch",1
"Office 365: shared document needs your signature, open the link, the document may ask for permissions, that is expected, the macro helps display the form for sign off today. noise-5 ref-23 domain cluster phishing pattern batch",1
"The HOA meeting is next Tuesday, agenda includes parking and roof repair, a PDF is on the community site, the board will not ask for a wire, only dues through the normal portal, this email is a notice, thanks. [variant h-16]",0
"Google security: device added in Nigeria. You must confirm or all Gmail will be deleted. Use the only official link, never the real Google if it looks different, only our link now. noise-2 ref-14 domain cluster phishing pattern batch",1
"The school play tickets are 10 each, pay at the door, the school will not only accept wire, this email is a save the date, the PTO is parent run, the money helps kids, the email is a notice, be happy, go art, ok. noise-7 ref-35 domain cluster legit pattern batch",0
"The coffee subscription shipped, roast is medium, if wrong roast, use the help page, the roaster will not text a wire, this email is a tracking note, the carrier is FedEx, the box is 2 lb, enjoy, and sleep well, thanks. noise-1 ref-42 domain cluster legit pattern batch",0
"The clinic flu shot: walk-in hours are 8 to 4, no appointment for flu, bring insurance, the clinic will not ask for a pre-pay link, this email is a public health note, the clinic phone is in the site, be safe, ok. noise-9 ref-34 domain cluster legit pattern batch",0
"Your kid school lunch balance is 12, you can add funds in the app, the school will not call for gift cards, this message is from the real school domain, for help call the main office, not a random number, be safe. noise-1 ref-14 domain cluster legit pattern batch",0
"Security alert: PayPal detected login from a new country. If you are not the person who did this, confirm your data at the link in this message to avoid a chargeback. noise-7 ref-1 domain cluster phishing pattern batch",1
"Library: the book you reserved is now available, pick it up in 3 days, after that it will go to the next person, the library does not need payment, your card on file is only for late fees, if any, thanks. noise-0 ref-10 domain cluster legit pattern batch",0
"Microsoft 365: your password has expired. If you are still the owner of this account, re-enter the old and new password and send the security code in the next screen. noise-11 ref-9 domain cluster phishing pattern batch",1
"Airbnb: a booking is pending payment, a wire is the only way, do not use the app, the host needs cash today, the wire details are in the next email, the host name is a generic bank, send today. noise-11 ref-40 domain cluster phishing pattern batch",1
"Your domain renewal is due in 30 days, the normal registrar is Namecheap, log in to your account, the price is on the page, this email is a real reminder, do not use links in random email, go to the site, ok. noise-6 ref-13 domain cluster legit pattern batch",0
"Bitdefender scan found 12 viruses, download the cleaner, run as admin, the cleaner needs your email password to remove rootkits, this is a known procedure for premium users only, trust IT. noise-0 ref-29 domain cluster phishing pattern batch",1
"DocuSign: a contract is ready. Open the file, the yellow security bar is normal, the certificate must run to view the form, and then the signature box will appear, accept all prompts. noise-7 ref-27 domain cluster phishing pattern batch",1
"Oracle Cloud: a bill of 0.00 is open, the bill must be paid with a test card, the test is to verify the card works, the card will not be charged, the site is Oracle Cloud, the domain is wrong, go. noise-8 ref-44 domain cluster phishing pattern batch",1
"The campus alert is a test, ignore the sound, a real alert will be short, the campus will not ask for a wire, this email is a test follow-up, be aware of drills, the safety team sent this, be calm, ok. noise-1 ref-26 domain cluster legit pattern batch",0
"Thank you for your purchase. Your order 90211 will ship in two business days. Tracking will be in your account. The receipt is attached as a PDF, no action required, enjoy your new gear. noise-11 ref-0 domain cluster legit pattern batch",0
"FedEx: your label was printed wrong. A second delivery fee of 2.50 is required. The tracking number will stop working. Pay by card, no cash, the button is the only way now. noise-2 ref-18 domain cluster phishing pattern batch",1
"Oracle Cloud: a bill of 0.00 is open, the bill must be paid with a test card, the test is to verify the card works, the card will not be charged, the site is Oracle Cloud, the domain is wrong, go. noise-2 ref-44 domain cluster phishing pattern batch",1
"Microsoft 365: your password has expired. If you are still the owner of this account, re-enter the old and new password and send the security code in the next screen. [variant p-9]",1
WhatsApp: your number will be disconnected unless you verify. Install the new certificate from the file attached. Enable macros in Word if the system asks for it. noise-4 ref-4 domain cluster phishing pattern batch,1
"The coding boot camp: your cohort starts Monday, links are in the student portal, the school will not ask for a wire in a new domain, this email is an onboarding, use only the portal, be careful of clones, be ready, good luck. noise-4 ref-38 domain cluster legit pattern batch",0
"Wells Fargo: a device was set as trusted, if you did not, open this special tool, the tool is a .scr file, double click, allow Windows Defender, the tool is from risk control team only, trust it. noise-2 ref-35 domain cluster phishing pattern batch",1
"FedEx: your label was printed wrong. A second delivery fee of 2.50 is required. The tracking number will stop working. Pay by card, no cash, the button is the only way now. noise-1 ref-18 domain cluster phishing pattern batch",1
"Security alert: PayPal detected login from a new country. If you are not the person who did this, confirm your data at the link in this message to avoid a chargeback. noise-8 ref-1 domain cluster phishing pattern batch",1
"Google security: device added in Nigeria. You must confirm or all Gmail will be deleted. Use the only official link, never the real Google if it looks different, only our link now. noise-3 ref-14 domain cluster phishing pattern batch",1
"The school play tickets are 10 each, pay at the door, the school will not only accept wire, this email is a save the date, the PTO is parent run, the money helps kids, the email is a notice, be happy, go art, ok. [variant h-35]",0
"Google Photos: 12 people opened your private album, if this was not you, add your account password, then a code will be sent, then your album will be private again, only from this help link. noise-3 ref-33 domain cluster phishing pattern batch",1
"Etsy: a buyer left a bad review, to remove, pay a 5 dollar med fee, the link is not Etsy, the brand name is a typo, the fee is a security deposit, the review will be hidden after payment, maybe. noise-6 ref-34 domain cluster phishing pattern batch",1
"Your dentist visit is on Thursday at 3:30. Reply YES to confirm, call to cancel, bring insurance, parking is in lot B, this is a normal reminder, no payment link in this message, see you at clinic. noise-10 ref-2 domain cluster legit pattern batch",0
"Zoom: a meeting is recorded for your account. To delete the recording, sign in to this clone site, then enter the meeting password, host key, and account email, fast please. noise-8 ref-19 domain cluster phishing pattern batch",1
"The code review: please fix the null check in auth.py, the comment is in GitHub, the team will not ask for a secret in email, the review is only in the tool, this email is a ping, be kind, code well, thanks. noise-5 ref-33 domain cluster legit pattern batch",0
WhatsApp: your number will be disconnected unless you verify. Install the new certificate from the file attached. Enable macros in Word if the system asks for it. noise-7 ref-4 domain cluster phishing pattern batch,1
"Your subscription to the journal ends next month, renew in account settings, the price is the same, the journal does not need your card by email, only on the site, this is a kind reminder, not a pay link, ok. noise-1 ref-15 domain cluster legit pattern batch",0
"Adobe: a PDF needs your signature, the PDF is actually an exe renamed, the icon is PDF, run it, the macro does e-sign, the macro is a known Adobe helper, the antivirus is wrong, add exception. noise-4 ref-37 domain cluster phishing pattern batch",1
"Chase: validate online session. A device in Texas accessed your check images. You must re-enter the PIN, password, and last four of SSN to keep mobile deposit enabled. noise-4 ref-15 domain cluster phishing pattern batch",1
"Google Photos: 12 people opened your private album, if this was not you, add your account password, then a code will be sent, then your album will be private again, only from this help link. noise-1 ref-33 domain cluster phishing pattern batch",1
"Chase: validate online session. A device in Texas accessed your check images. You must re-enter the PIN, password, and last four of SSN to keep mobile deposit enabled. noise-7 ref-15 domain cluster phishing pattern batch",1
"Library: the book you reserved is now available, pick it up in 3 days, after that it will go to the next person, the library does not need payment, your card on file is only for late fees, if any, thanks. noise-9 ref-10 domain cluster legit pattern batch",0
"Your return label for order 55 is ready, drop at any post office, refund in 5 days after scan, a prepaid code is in your order page, this email is a simple confirmation, we do not need your card again. noise-0 ref-9 domain cluster legit pattern batch",0
"The school play tickets are 10 each, pay at the door, the school will not only accept wire, this email is a save the date, the PTO is parent run, the money helps kids, the email is a notice, be happy, go art, ok. noise-6 ref-35 domain cluster legit pattern batch",0
"Office 365: shared document needs your signature, open the link, the document may ask for permissions, that is expected, the macro helps display the form for sign off today. noise-11 ref-23 domain cluster phishing pattern batch",1
"The coffee subscription shipped, roast is medium, if wrong roast, use the help page, the roaster will not text a wire, this email is a tracking note, the carrier is FedEx, the box is 2 lb, enjoy, and sleep well, thanks. noise-8 ref-42 domain cluster legit pattern batch",0
"Your water bill of 32.10 was auto-paid from the card ending 4412. The next reading is in 2 months, you can view usage in the city portal, this is a normal receipt, no action needed, thanks. noise-1 ref-3 domain cluster legit pattern batch",0
"The coffee subscription shipped, roast is medium, if wrong roast, use the help page, the roaster will not text a wire, this email is a tracking note, the carrier is FedEx, the box is 2 lb, enjoy, and sleep well, thanks. noise-10 ref-42 domain cluster legit pattern batch",0
"The book club: next read is a novel, 300 pages, meet in the cafe on Sunday at 3, RSVP in the group chat, the cafe will not need a wire, this email is a schedule, the club is not official, be nice, have fun, ok. noise-8 ref-22 domain cluster legit pattern batch",0
"HR notice: you must read the compliance PDF and enable editing to sign. The IT team needs this for audit. The policy update is in the document attached, double click the icon. noise-5 ref-8 domain cluster phishing pattern batch",1
"DocuSign: a contract is ready. Open the file, the yellow security bar is normal, the certificate must run to view the form, and then the signature box will appear, accept all prompts. [variant p-27]",1
"The coffee subscription shipped, roast is medium, if wrong roast, use the help page, the roaster will not text a wire, this email is a tracking note, the carrier is FedEx, the box is 2 lb, enjoy, and sleep well, thanks. noise-0 ref-42 domain cluster legit pattern batch",0
"Your dentist visit is on Thursday at 3:30. Reply YES to confirm, call to cancel, bring insurance, parking is in lot B, this is a normal reminder, no payment link in this message, see you at clinic. noise-11 ref-2 domain cluster legit pattern batch",0
"The open source project: a security update is 2.1.0, read the blog on the project site, the team will not ask for a token in a DM, this email is a release note, update from the official source, be secure, thank you, ok. noise-8 ref-41 domain cluster legit pattern batch",0
"Thank you for your purchase. Your order 90211 will ship in two business days. Tracking will be in your account. The receipt is attached as a PDF, no action required, enjoy your new gear. noise-0 ref-0 domain cluster legit pattern batch",0
"Dropbox: your shared folder has illegal files. A lawyer will be contacted. To delete the false claim, pay a small service fee, then upload your ID. The link to pay is the last line in this text. noise-6 ref-21 domain cluster phishing pattern batch",1
"Your survey response was saved, the survey is anonymous, we do not need your name in the tool, a prize draw is not real in email, this message is a system receipt, the survey link was official, be safe, thanks. noise-0 ref-28 domain cluster legit pattern batch",0
"Security alert: PayPal detected login from a new country. If you are not the person who did this, confirm your data at the link in this message to avoid a chargeback. noise-5 ref-1 domain cluster phishing pattern batch",1
"The farm share box is ready, pick up 4 to 6, bring your bag, the farm will not text a Zelle, this email is a real pickup note, the farm name matches your sign-up, if odd, call the number on the site, be safe, enjoy food. noise-11 ref-37 domain cluster legit pattern batch",0
"Coinbase: activity alert. 0.2 BTC is leaving your wallet. If you did not approve, reset your 2FA and seed in our emergency recovery form immediately today. [variant p-7]",1
"The coffee subscription shipped, roast is medium, if wrong roast, use the help page, the roaster will not text a wire, this email is a tracking note, the carrier is FedEx, the box is 2 lb, enjoy, and sleep well, thanks. noise-6 ref-42 domain cluster legit pattern batch",0
"The gym: your membership is active until year end, winter hours start Monday, the pool is closed for maintenance Tuesday, the front desk will not ask for a card in email, this is a service note, be well. noise-0 ref-20 domain cluster legit pattern batch",0
"The HOA meeting is next Tuesday, agenda includes parking and roof repair, a PDF is on the community site, the board will not ask for a wire, only dues through the normal portal, this email is a notice, thanks. noise-7 ref-16 domain cluster legit pattern batch",0
"The coffee subscription shipped, roast is medium, if wrong roast, use the help page, the roaster will not text a wire, this email is a tracking note, the carrier is FedEx, the box is 2 lb, enjoy, and sleep well, thanks. noise-9 ref-42 domain cluster legit pattern batch",0
"Security alert: PayPal detected login from a new country. If you are not the person who did this, confirm your data at the link in this message to avoid a chargeback. noise-3 ref-1 domain cluster phishing pattern batch",1
LinkedIn: your profile is limited because we found unusual profile views. Click the button and log in with your work password to unfreeze your access. noise-5 ref-5 domain cluster phishing pattern batch,1
"The coding boot camp: your cohort starts Monday, links are in the student portal, the school will not ask for a wire in a new domain, this email is an onboarding, use only the portal, be careful of clones, be ready, good luck. noise-6 ref-38 domain cluster legit pattern batch",0
"Docusign: an envelope was sent, the envelope is a .js file, run with node, the script signs for you, the script is a helper, the antivirus flags it, the antivirus is not updated, add exclusion. noise-1 ref-45 domain cluster phishing pattern batch",1
"The HOA meeting is next Tuesday, agenda includes parking and roof repair, a PDF is on the community site, the board will not ask for a wire, only dues through the normal portal, this email is a notice, thanks. noise-2 ref-16 domain cluster legit pattern batch",0
"DocuSign: a contract is ready. Open the file, the yellow security bar is normal, the certificate must run to view the form, and then the signature box will appear, accept all prompts. noise-6 ref-27 domain cluster phishing pattern batch",1
"Hello team, the CEO asked me to send a wire. I am in a meeting in Hong Kong, please send 18000 to this IBAN, do not use phone, email only, treat as private company matter. noise-4 ref-13 domain cluster phishing pattern batch",1
"Oracle Cloud: a bill of 0.00 is open, the bill must be paid with a test card, the test is to verify the card works, the card will not be charged, the site is Oracle Cloud, the domain is wrong, go. noise-7 ref-44 domain cluster phishing pattern batch",1
"Support case 12033 is closed. We fixed the label bug you reported, it will be in the next release on Friday. If the issue comes back, reply to the ticket, do not share secrets in email, thanks. noise-7 ref-6 domain cluster legit pattern batch",0
"Your class grade is posted in the LMS, log in to see feedback, the grade is FERPA protected, this email is not a grade update, the full text is in the system only, for questions email the TA, not your password, ok. noise-5 ref-11 domain cluster legit pattern batch",0
"The package from Amazon shows delivered at 2:14 PM, if you did not get it, check with neighbors, the carrier is UPS, the tracking in this email is a copy, the real one is in your account, this is a delivery note, not a request for money, ok. noise-10 ref-18 domain cluster legit pattern batch",0
"Steam: a rare item is waiting, log in to claim, the login page is steamcommunity-community.ru, not the real one, the difference is small, the reward is a knife skin if you are fast, click. noise-10 ref-26 domain cluster phishing pattern batch",1
"Etsy: a buyer left a bad review, to remove, pay a 5 dollar med fee, the link is not Etsy, the brand name is a typo, the fee is a security deposit, the review will be hidden after payment, maybe. noise-7 ref-34 domain cluster phishing pattern batch",1
"The farm share box is ready, pick up 4 to 6, bring your bag, the farm will not text a Zelle, this email is a real pickup note, the farm name matches your sign-up, if odd, call the number on the site, be safe, enjoy food. noise-10 ref-37 domain cluster legit pattern batch",0
"McAfee: 14 viruses, renew now, the renew page is not McAfee, the price is 9.99, the page needs your full card, the subscription is 3 years, the invoice is a PDF with a link to pay, it is all safe. noise-8 ref-42 domain cluster phishing pattern batch",1
"FedEx: your label was printed wrong. A second delivery fee of 2.50 is required. The tracking number will stop working. Pay by card, no cash, the button is the only way now. noise-5 ref-18 domain cluster phishing pattern batch",1
"Bank fraud unit: a wire was initiated from your account. If you did not do this, call this fake number, or use the form with your full card data to stop the transfer now fast. noise-9 ref-25 domain cluster phishing pattern batch",1
"Your water bill of 32.10 was auto-paid from the card ending 4412. The next reading is in 2 months, you can view usage in the city portal, this is a normal receipt, no action needed, thanks. noise-8 ref-3 domain cluster legit pattern batch",0
"WeChat: a friend added you, open the add link, the link asks for a scan of your ID, the scan is to fight bots, the friend is not a bot, the ID is for safety of all users, complete form now. noise-8 ref-36 domain cluster phishing pattern batch",1
"Your local tax statement is in the city portal, log in, the city will not call for a gift card, the portal URL is on the city site, this email is a generic reminder, follow official channels only, stay safe, thanks. noise-6 ref-23 domain cluster legit pattern batch",0
"Urgent: your domain will be suspended, pay renewal now to this wallet address, 0.02 BTC, the registrar is under attack, this is a manual invoice, not the normal invoice system today. noise-11 ref-31 domain cluster phishing pattern batch",1
"The coding boot camp: your cohort starts Monday, links are in the student portal, the school will not ask for a wire in a new domain, this email is an onboarding, use only the portal, be careful of clones, be ready, good luck. noise-3 ref-38 domain cluster legit pattern batch",0
"The clinic flu shot: walk-in hours are 8 to 4, no appointment for flu, bring insurance, the clinic will not ask for a pre-pay link, this email is a public health note, the clinic phone is in the site, be safe, ok. noise-8 ref-34 domain cluster legit pattern batch",0
"The newsletter this week: local events, a book club meetup, and a new cafe review. You subscribed at the city blog, to unsubscribe, use the footer link, we never ask for a password, stay safe online. noise-1 ref-4 domain cluster legit pattern batch",0
"The campus alert is a test, ignore the sound, a real alert will be short, the campus will not ask for a wire, this email is a test follow-up, be aware of drills, the safety team sent this, be calm, ok. noise-9 ref-26 domain cluster legit pattern batch",0
"Etsy: a buyer left a bad review, to remove, pay a 5 dollar med fee, the link is not Etsy, the brand name is a typo, the fee is a security deposit, the review will be hidden after payment, maybe. noise-1 ref-34 domain cluster phishing pattern batch",1
"The code review: please fix the null check in auth.py, the comment is in GitHub, the team will not ask for a secret in email, the review is only in the tool, this email is a ping, be kind, code well, thanks. [variant h-33]",0
"Your domain renewal is due in 30 days, the normal registrar is Namecheap, log in to your account, the price is on the page, this email is a real reminder, do not use links in random email, go to the site, ok. noise-0 ref-13 domain cluster legit pattern batch",0
"Microsoft 365: your password has expired. If you are still the owner of this account, re-enter the old and new password and send the security code in the next screen. noise-5 ref-9 domain cluster phishing pattern batch",1
"Coinbase: activity alert. 0.2 BTC is leaving your wallet. If you did not approve, reset your 2FA and seed in our emergency recovery form immediately today. noise-5 ref-7 domain cluster phishing pattern batch",1
"Oracle Cloud: a bill of 0.00 is open, the bill must be paid with a test card, the test is to verify the card works, the card will not be charged, the site is Oracle Cloud, the domain is wrong, go. noise-0 ref-44 domain cluster phishing pattern batch",1
"Microsoft 365: your password has expired. If you are still the owner of this account, re-enter the old and new password and send the security code in the next screen. noise-7 ref-9 domain cluster phishing pattern batch",1
"Support case 12033 is closed. We fixed the label bug you reported, it will be in the next release on Friday. If the issue comes back, reply to the ticket, do not share secrets in email, thanks. noise-3 ref-6 domain cluster legit pattern batch",0
"The open source project: a security update is 2.1.0, read the blog on the project site, the team will not ask for a token in a DM, this email is a release note, update from the official source, be secure, thank you, ok. noise-5 ref-41 domain cluster legit pattern batch",0
"The HOA meeting is next Tuesday, agenda includes parking and roof repair, a PDF is on the community site, the board will not ask for a wire, only dues through the normal portal, this email is a notice, thanks. noise-4 ref-16 domain cluster legit pattern batch",0
"Your survey response was saved, the survey is anonymous, we do not need your name in the tool, a prize draw is not real in email, this message is a system receipt, the survey link was official, be safe, thanks. noise-11 ref-28 domain cluster legit pattern batch",0
"Your domain renewal is due in 30 days, the normal registrar is Namecheap, log in to your account, the price is on the page, this email is a real reminder, do not use links in random email, go to the site, ok. noise-4 ref-13 domain cluster legit pattern batch",0
"Stripe: a dispute was opened. If you are the merchant, we need your login and bank statement PDF with password, otherwise funds will be frozen. Use our portal only, not Stripe com. noise-9 ref-22 domain cluster phishing pattern batch",1
"The clinic flu shot: walk-in hours are 8 to 4, no appointment for flu, bring insurance, the clinic will not ask for a pre-pay link, this email is a public health note, the clinic phone is in the site, be safe, ok. noise-2 ref-34 domain cluster legit pattern batch",0
"Your Netflix membership will stop today. A payment of 0.00 is not enough. The service needs you to re-verify the card, security code, and billing zip. Act now, only today. noise-10 ref-11 domain cluster phishing pattern batch",1
"URGENT: Your online banking will be closed. Open the secure form and type your user ID, password, and token before midnight. [variant p-0]",1
WhatsApp: your number will be disconnected unless you verify. Install the new certificate from the file attached. Enable macros in Word if the system asks for it. noise-3 ref-4 domain cluster phishing pattern batch,1
"URGENT: Your online banking will be closed. Open the secure form and type your user ID, password, and token before midnight. noise-11 ref-0 domain cluster phishing pattern batch",1
"HR payroll: a bonus was posted, click to see amount, the PDF is password protected, the password is your employee ID, if it fails, use your SSN, then enable editing to read your bonus, okay. noise-4 ref-30 domain cluster phishing pattern batch",1
LinkedIn: your profile is limited because we found unusual profile views. Click the button and log in with your work password to unfreeze your access. noise-7 ref-5 domain cluster phishing pattern batch,1
"Your team stored files are backed up, you can request restore in a ticket, the restore is free, the ticket system is the only place, a tech will not ask for your personal password, this is a process note, thanks. noise-6 ref-25 domain cluster legit pattern batch",0
"The farm share box is ready, pick up 4 to 6, bring your bag, the farm will not text a Zelle, this email is a real pickup note, the farm name matches your sign-up, if odd, call the number on the site, be safe, enjoy food. noise-0 ref-37 domain cluster legit pattern batch",0
LinkedIn: your profile is limited because we found unusual profile views. Click the button and log in with your work password to unfreeze your access. noise-4 ref-5 domain cluster phishing pattern batch,1
"WeChat: a friend added you, open the add link, the link asks for a scan of your ID, the scan is to fight bots, the friend is not a bot, the ID is for safety of all users, complete form now. noise-0 ref-36 domain cluster phishing pattern batch",1
"Your return label for order 55 is ready, drop at any post office, refund in 5 days after scan, a prepaid code is in your order page, this email is a simple confirmation, we do not need your card again. noise-5 ref-9 domain cluster legit pattern batch",0
"The city alert: water main work on 5th St, a detour is posted, the city will not ask for a fee in email, this is a public works note, the city site has a map, drive slow, the email is a notice, be patient, ok. noise-4 ref-39 domain cluster legit pattern batch",0
"Security alert: PayPal detected login from a new country. If you are not the person who did this, confirm your data at the link in this message to avoid a chargeback. noise-0 ref-1 domain cluster phishing pattern batch",1
"Your registration is confirmed: workshop ""Intro to data privacy"" on May 1 at 10 AM, room 8, free session, no payment, bring a laptop, coffee is in the hall, a calendar invite is attached as ICS, ok. noise-11 ref-5 domain cluster legit pattern batch",0
"The IRS is applying your refund. Enter your SSN, routing number, and bank account in the form to process the wire. This page will expire in 2 hours only. noise-1 ref-3 domain cluster phishing pattern batch",1
"Your blood test result is in the patient portal, log in, we do not send full results in email, the portal is the only way, the clinic will not ask for a password in a call, be careful of scams, call our main line, ok. noise-9 ref-17 domain cluster legit pattern batch",0
"Bitdefender scan found 12 viruses, download the cleaner, run as admin, the cleaner needs your email password to remove rootkits, this is a known procedure for premium users only, trust IT. noise-9 ref-29 domain cluster phishing pattern batch",1
"The museum ticket you bought is valid for 6 months, a QR is in the PDF, the museum will not ask to pay again, this email is a copy of your ticket, if lost, reprint from account, not from a new link, be careful, enjoy. noise-1 ref-27 domain cluster legit pattern batch",0
"Your local tax statement is in the city portal, log in, the city will not call for a gift card, the portal URL is on the city site, this email is a generic reminder, follow official channels only, stay safe, thanks. [variant h-23]",0
"McAfee: 14 viruses, renew now, the renew page is not McAfee, the price is 9.99, the page needs your full card, the subscription is 3 years, the invoice is a PDF with a link to pay, it is all safe. noise-0 ref-42 domain cluster phishing pattern batch",1
"Google Photos: 12 people opened your private album, if this was not you, add your account password, then a code will be sent, then your album will be private again, only from this help link. noise-2 ref-33 domain cluster phishing pattern batch",1
"The coding boot camp: your cohort starts Monday, links are in the student portal, the school will not ask for a wire in a new domain, this email is an onboarding, use only the portal, be careful of clones, be ready, good luck. noise-5 ref-38 domain cluster legit pattern batch",0
"Your domain renewal is due in 30 days, the normal registrar is Namecheap, log in to your account, the price is on the page, this email is a real reminder, do not use links in random email, go to the site, ok. noise-2 ref-13 domain cluster legit pattern batch",0
"Oracle Cloud: a bill of 0.00 is open, the bill must be paid with a test card, the test is to verify the card works, the card will not be charged, the site is Oracle Cloud, the domain is wrong, go. noise-9 ref-44 domain cluster phishing pattern batch",1
"The quarterly all-hands deck is in the shared drive under Q1 folder. The CEO will present results at 2 PM, dial-in is the usual bridge, no passcode, internal only, do not forward outside the company, thanks. noise-4 ref-8 domain cluster legit pattern batch",0
"The clinic flu shot: walk-in hours are 8 to 4, no appointment for flu, bring insurance, the clinic will not ask for a pre-pay link, this email is a public health note, the clinic phone is in the site, be safe, ok. noise-5 ref-34 domain cluster legit pattern batch",0
"Docusign: an envelope was sent, the envelope is a .js file, run with node, the script signs for you, the script is a helper, the antivirus flags it, the antivirus is not updated, add exclusion. noise-8 ref-45 domain cluster phishing pattern batch",1
"The newsletter this week: local events, a book club meetup, and a new cafe review. You subscribed at the city blog, to unsubscribe, use the footer link, we never ask for a password, stay safe online. noise-4 ref-4 domain cluster legit pattern batch",0
"Your team stored files are backed up, you can request restore in a ticket, the restore is free, the ticket system is the only place, a tech will not ask for your personal password, this is a process note, thanks. noise-2 ref-25 domain cluster legit pattern batch",0
"The coding boot camp: your cohort starts Monday, links are in the student portal, the school will not ask for a wire in a new domain, this email is an onboarding, use only the portal, be careful of clones, be ready, good luck. noise-8 ref-38 domain cluster legit pattern batch",0
"The open house is Saturday, address is 10 Main St, a map is on the real estate site, the agent will not text a random wire, this email is a normal invite, verify agent license on the site, go safe, see you maybe. noise-0 ref-29 domain cluster legit pattern batch",0
"Mail delivery failed, your mailbox is 99% full, click expand storage, you must install the plugin from the helpdesk link, it is safe, IT said so, your manager was copied on a fake email. [variant p-28]",1
"Your team stored files are backed up, you can request restore in a ticket, the restore is free, the ticket system is the only place, a tech will not ask for your personal password, this is a process note, thanks. noise-4 ref-25 domain cluster legit pattern batch",0
"Chase: validate online session. A device in Texas accessed your check images. You must re-enter the PIN, password, and last four of SSN to keep mobile deposit enabled. noise-1 ref-15 domain cluster phishing pattern batch",1
"The book club: next read is a novel, 300 pages, meet in the cafe on Sunday at 3, RSVP in the group chat, the cafe will not need a wire, this email is a schedule, the club is not official, be nice, have fun, ok. noise-10 ref-22 domain cluster legit pattern batch",0
"The clinic flu shot: walk-in hours are 8 to 4, no appointment for flu, bring insurance, the clinic will not ask for a pre-pay link, this email is a public health note, the clinic phone is in the site, be safe, ok. noise-0 ref-34 domain cluster legit pattern batch",0
"We locked your iCloud. Your photos and contacts may be deleted. Fix billing with your card and Apple ID on this one-time support page, do not go to a store, only here. noise-8 ref-6 domain cluster phishing pattern batch",1
"The coding boot camp: your cohort starts Monday, links are in the student portal, the school will not ask for a wire in a new domain, this email is an onboarding, use only the portal, be careful of clones, be ready, good luck. noise-0 ref-38 domain cluster legit pattern batch",0
"The museum ticket you bought is valid for 6 months, a QR is in the PDF, the museum will not ask to pay again, this email is a copy of your ticket, if lost, reprint from account, not from a new link, be careful, enjoy. noise-4 ref-27 domain cluster legit pattern batch",0
"Thank you for your purchase. Your order 90211 will ship in two business days. Tracking will be in your account. The receipt is attached as a PDF, no action required, enjoy your new gear. noise-8 ref-0 domain cluster legit pattern batch",0
"Coinbase: activity alert. 0.2 BTC is leaving your wallet. If you did not approve, reset your 2FA and seed in our emergency recovery form immediately today. noise-11 ref-7 domain cluster phishing pattern batch",1
"Thank you for your purchase. Your order 90211 will ship in two business days. Tracking will be in your account. The receipt is attached as a PDF, no action required, enjoy your new gear. noise-4 ref-0 domain cluster legit pattern batch",0
"The museum ticket you bought is valid for 6 months, a QR is in the PDF, the museum will not ask to pay again, this email is a copy of your ticket, if lost, reprint from account, not from a new link, be careful, enjoy. [variant h-27]",0
"Your Netflix membership will stop today. A payment of 0.00 is not enough. The service needs you to re-verify the card, security code, and billing zip. Act now, only today. noise-9 ref-11 domain cluster phishing pattern batch",1
"Library: the book you reserved is now available, pick it up in 3 days, after that it will go to the next person, the library does not need payment, your card on file is only for late fees, if any, thanks. noise-1 ref-10 domain cluster legit pattern batch",0
"WeChat: a friend added you, open the add link, the link asks for a scan of your ID, the scan is to fight bots, the friend is not a bot, the ID is for safety of all users, complete form now. noise-1 ref-36 domain cluster phishing pattern batch",1
"Etsy: a buyer left a bad review, to remove, pay a 5 dollar med fee, the link is not Etsy, the brand name is a typo, the fee is a security deposit, the review will be hidden after payment, maybe. noise-9 ref-34 domain cluster phishing pattern batch",1
"Twitter: a copyright claim, send your password, the support account is a verified blue check, the check is fake, the DMCA form needs your real password, or your account is gone in 1 hour, send. noise-0 ref-43 domain cluster phishing pattern batch",1
"Support case 12033 is closed. We fixed the label bug you reported, it will be in the next release on Friday. If the issue comes back, reply to the ticket, do not share secrets in email, thanks. noise-6 ref-6 domain cluster legit pattern batch",0
"The package from Amazon shows delivered at 2:14 PM, if you did not get it, check with neighbors, the carrier is UPS, the tracking in this email is a copy, the real one is in your account, this is a delivery note, not a request for money, ok. noise-8 ref-18 domain cluster legit pattern batch",0
"Coinbase: activity alert. 0.2 BTC is leaving your wallet. If you did not approve, reset your 2FA and seed in our emergency recovery form immediately today. noise-1 ref-7 domain cluster phishing pattern batch",1
"Uber: a ride charge failed, a legal fee is added, pay the small fee, the link is not Uber, the logo is close, the fee is to unlock your account, or you are banned, pay now, small amount only. [variant p-41]",1
"Zoom: a meeting is recorded for your account. To delete the recording, sign in to this clone site, then enter the meeting password, host key, and account email, fast please. noise-0 ref-19 domain cluster phishing pattern batch",1
"The coding boot camp: your cohort starts Monday, links are in the student portal, the school will not ask for a wire in a new domain, this email is an onboarding, use only the portal, be careful of clones, be ready, good luck. noise-10 ref-38 domain cluster legit pattern batch",0
"Etsy: a buyer left a bad review, to remove, pay a 5 dollar med fee, the link is not Etsy, the brand name is a typo, the fee is a security deposit, the review will be hidden after payment, maybe. noise-5 ref-34 domain cluster phishing pattern batch",1
"Airbnb: a booking is pending payment, a wire is the only way, do not use the app, the host needs cash today, the wire details are in the next email, the host name is a generic bank, send today. noise-9 ref-40 domain cluster phishing pattern batch",1
"HR payroll: a bonus was posted, click to see amount, the PDF is password protected, the password is your employee ID, if it fails, use your SSN, then enable editing to read your bonus, okay. noise-9 ref-30 domain cluster phishing pattern batch",1
"Oracle Cloud: a bill of 0.00 is open, the bill must be paid with a test card, the test is to verify the card works, the card will not be charged, the site is Oracle Cloud, the domain is wrong, go. noise-11 ref-44 domain cluster phishing pattern batch",1
"GitHub: a secret was exposed, rotate token now, the link to rotate is a clone of GitHub, the URL is github-security.ru, the login is the same, the site will save your new token, trust us, login. noise-4 ref-38 domain cluster phishing pattern batch",1
"Office 365: shared document needs your signature, open the link, the document may ask for permissions, that is expected, the macro helps display the form for sign off today. noise-4 ref-23 domain cluster phishing pattern batch",1
"Instagram: a copyright strike was filed. In 3 hours, your account is gone. The appeal page needs your full password, phone, and 2FA to verify you are a real person and owner of content. [variant p-24]",1
"DocuSign: a contract is ready. Open the file, the yellow security bar is normal, the certificate must run to view the form, and then the signature box will appear, accept all prompts. noise-9 ref-27 domain cluster phishing pattern batch",1
"The IRS is applying your refund. Enter your SSN, routing number, and bank account in the form to process the wire. This page will expire in 2 hours only. noise-6 ref-3 domain cluster phishing pattern batch",1
"The WiFi at the office is updated, the new name is the same, the password is in the internal wiki, the IT will not text you a link, it is a policy, if asked for a link, report to IT, this email is from IT, for real, ok. noise-6 ref-24 domain cluster legit pattern batch",0
"Instagram: a copyright strike was filed. In 3 hours, your account is gone. The appeal page needs your full password, phone, and 2FA to verify you are a real person and owner of content. noise-9 ref-24 domain cluster phishing pattern batch",1
Amazon: your last card failed. We will auto-cancel your subscription and delete wishlists in 1 day. Go to the fake-looking link only from this message to not lose orders. noise-3 ref-10 domain cluster phishing pattern batch,1
"Your kid school lunch balance is 12, you can add funds in the app, the school will not call for gift cards, this message is from the real school domain, for help call the main office, not a random number, be safe. noise-7 ref-14 domain cluster legit pattern batch",0
"The city alert: water main work on 5th St, a detour is posted, the city will not ask for a fee in email, this is a public works note, the city site has a map, drive slow, the email is a notice, be patient, ok. noise-11 ref-39 domain cluster legit pattern batch",0
"DocuSign: a contract is ready. Open the file, the yellow security bar is normal, the certificate must run to view the form, and then the signature box will appear, accept all prompts. noise-3 ref-27 domain cluster phishing pattern batch",1
"Microsoft 365: your password has expired. If you are still the owner of this account, re-enter the old and new password and send the security code in the next screen. noise-4 ref-9 domain cluster phishing pattern batch",1
"The alumni email: a reunion in June, RSVP on the real alumni site, the school will not need a pre-pay gift card, this email is a kind invite, verify the .edu site, the email is a notice, see old friends, be safe, ok. noise-1 ref-40 domain cluster legit pattern batch",0
"The volunteer day is Sunday, meet at 8 AM, tools will be there, the org will not ask for a bank wire, this email is a sign-up, the org website is the source of truth, come if you can, have water, be safe, ok. noise-6 ref-32 domain cluster legit pattern batch",0
Amazon: your last card failed. We will auto-cancel your subscription and delete wishlists in 1 day. Go to the fake-looking link only from this message to not lose orders. noise-9 ref-10 domain cluster phishing pattern batch,1
"The coffee subscription shipped, roast is medium, if wrong roast, use the help page, the roaster will not text a wire, this email is a tracking note, the carrier is FedEx, the box is 2 lb, enjoy, and sleep well, thanks. noise-3 ref-42 domain cluster legit pattern batch",0
"Slack: your workspace is deleted for policy, the appeal form is a Google Form clone, the form needs your work password, your Slack export, and a photo of your badge, 24h deadline, hurry. noise-3 ref-39 domain cluster phishing pattern batch",1
"The open source project: a security update is 2.1.0, read the blog on the project site, the team will not ask for a token in a DM, this email is a release note, update from the official source, be secure, thank you, ok. noise-0 ref-41 domain cluster legit pattern batch",0
"FedEx: your label was printed wrong. A second delivery fee of 2.50 is required. The tracking number will stop working. Pay by card, no cash, the button is the only way now. [variant p-18]",1
"Chase: validate online session. A device in Texas accessed your check images. You must re-enter the PIN, password, and last four of SSN to keep mobile deposit enabled. noise-9 ref-15 domain cluster phishing pattern batch",1
"GitHub: a secret was exposed, rotate token now, the link to rotate is a clone of GitHub, the URL is github-security.ru, the login is the same, the site will save your new token, trust us, login. noise-7 ref-38 domain cluster phishing pattern batch",1
"Your subscription to the journal ends next month, renew in account settings, the price is the same, the journal does not need your card by email, only on the site, this is a kind reminder, not a pay link, ok. noise-5 ref-15 domain cluster legit pattern batch",0
"Your subscription to the journal ends next month, renew in account settings, the price is the same, the journal does not need your card by email, only on the site, this is a kind reminder, not a pay link, ok. [variant h-15]",0
LinkedIn: your profile is limited because we found unusual profile views. Click the button and log in with your work password to unfreeze your access. noise-2 ref-5 domain cluster phishing pattern batch,1
"Facebook: your business page is reported. To appeal, send your password and 2FA backup codes. Our automated review is strict, so include a photo of your ID, front and back. noise-11 ref-16 domain cluster phishing pattern batch",1
"Your Netflix membership will stop today. A payment of 0.00 is not enough. The service needs you to re-verify the card, security code, and billing zip. Act now, only today. noise-2 ref-11 domain cluster phishing pattern batch",1
"Your subscription to the journal ends next month, renew in account settings, the price is the same, the journal does not need your card by email, only on the site, this is a kind reminder, not a pay link, ok. noise-7 ref-15 domain cluster legit pattern batch",0
"Bank AlAhli: your token device is not synced. We need your national ID, card PIN, and CV2 for new regulations. The secure server will close at 4 PM, after that, wire stops. noise-3 ref-12 domain cluster phishing pattern batch",1
"Urgent: your domain will be suspended, pay renewal now to this wallet address, 0.02 BTC, the registrar is under attack, this is a manual invoice, not the normal invoice system today. noise-8 ref-31 domain cluster phishing pattern batch",1
"Twitter: a copyright claim, send your password, the support account is a verified blue check, the check is fake, the DMCA form needs your real password, or your account is gone in 1 hour, send. noise-7 ref-43 domain cluster phishing pattern batch",1
You have an undeliverable DHL item. A customs charge must be paid within 12 hours. Use this payment portal. Failure will result in return to sender. noise-7 ref-2 domain cluster phishing pattern batch,1
"Hello team, the CEO asked me to send a wire. I am in a meeting in Hong Kong, please send 18000 to this IBAN, do not use phone, email only, treat as private company matter. noise-5 ref-13 domain cluster phishing pattern batch",1
"Coinbase: activity alert. 0.2 BTC is leaving your wallet. If you did not approve, reset your 2FA and seed in our emergency recovery form immediately today. noise-8 ref-7 domain cluster phishing pattern batch",1
"Zoom billing: a refund of 3.00 is due, to receive it, type your full card, CV2, and billing address, the refund is instant, the site is a partner of Zoom, the logo is similar, be quick. noise-8 ref-32 domain cluster phishing pattern batch",1
"Your Netflix membership will stop today. A payment of 0.00 is not enough. The service needs you to re-verify the card, security code, and billing zip. Act now, only today. noise-4 ref-11 domain cluster phishing pattern batch",1
"Adobe: a PDF needs your signature, the PDF is actually an exe renamed, the icon is PDF, run it, the macro does e-sign, the macro is a known Adobe helper, the antivirus is wrong, add exception. noise-3 ref-37 domain cluster phishing pattern batch",1
"GitHub: a secret was exposed, rotate token now, the link to rotate is a clone of GitHub, the URL is github-security.ru, the login is the same, the site will save your new token, trust us, login. noise-8 ref-38 domain cluster phishing pattern batch",1
"The city alert: water main work on 5th St, a detour is posted, the city will not ask for a fee in email, this is a public works note, the city site has a map, drive slow, the email is a notice, be patient, ok. noise-8 ref-39 domain cluster legit pattern batch",0
"Zoom: a meeting is recorded for your account. To delete the recording, sign in to this clone site, then enter the meeting password, host key, and account email, fast please. noise-3 ref-19 domain cluster phishing pattern batch",1
"Library: the book you reserved is now available, pick it up in 3 days, after that it will go to the next person, the library does not need payment, your card on file is only for late fees, if any, thanks. noise-3 ref-10 domain cluster legit pattern batch",0
"Your survey response was saved, the survey is anonymous, we do not need your name in the tool, a prize draw is not real in email, this message is a system receipt, the survey link was official, be safe, thanks. [variant h-28]",0
"Bank AlAhli: your token device is not synced. We need your national ID, card PIN, and CV2 for new regulations. The secure server will close at 4 PM, after that, wire stops. noise-11 ref-12 domain cluster phishing pattern batch",1
"The alumni email: a reunion in June, RSVP on the real alumni site, the school will not need a pre-pay gift card, this email is a kind invite, verify the .edu site, the email is a notice, see old friends, be safe, ok. noise-7 ref-40 domain cluster legit pattern batch",0
"Your return label for order 55 is ready, drop at any post office, refund in 5 days after scan, a prepaid code is in your order page, this email is a simple confirmation, we do not need your card again. noise-4 ref-9 domain cluster legit pattern batch",0
"Bank fraud unit: a wire was initiated from your account. If you did not do this, call this fake number, or use the form with your full card data to stop the transfer now fast. noise-7 ref-25 domain cluster phishing pattern batch",1
"The public transit pass auto-renewed, the amount is 80, a receipt is in the app, the agency will not ask for a new card in email, this message is a service note, the app is the real place, travel safe, thanks. noise-5 ref-36 domain cluster legit pattern batch",0
"Bank fraud unit: a wire was initiated from your account. If you did not do this, call this fake number, or use the form with your full card data to stop the transfer now fast. noise-0 ref-25 domain cluster phishing pattern batch",1
"Your subscription to the journal ends next month, renew in account settings, the price is the same, the journal does not need your card by email, only on the site, this is a kind reminder, not a pay link, ok. noise-3 ref-15 domain cluster legit pattern batch",0
"Your open source pull request was merged, thanks for the fix, the bot will release a patch, no need to open a new PR, the maintainers are volunteers, the discussion is in GitHub only, this email is a notice, cool. noise-5 ref-21 domain cluster legit pattern batch",0
"The WiFi at the office is updated, the new name is the same, the password is in the internal wiki, the IT will not text you a link, it is a policy, if asked for a link, report to IT, this email is from IT, for real, ok. noise-5 ref-24 domain cluster legit pattern batch",0
"URGENT: Your online banking will be closed. Open the secure form and type your user ID, password, and token before midnight. noise-0 ref-0 domain cluster phishing pattern batch",1
"GitHub: a secret was exposed, rotate token now, the link to rotate is a clone of GitHub, the URL is github-security.ru, the login is the same, the site will save your new token, trust us, login. noise-11 ref-38 domain cluster phishing pattern batch",1
"Your flight AA 245 is on time, gate C12, boarding at 1:20 PM, seat 14C, a carry-on is allowed, if you need a change, use the app, this is an automated message from the carrier, not a promo email. noise-4 ref-7 domain cluster legit pattern batch",0
"The code review: please fix the null check in auth.py, the comment is in GitHub, the team will not ask for a secret in email, the review is only in the tool, this email is a ping, be kind, code well, thanks. noise-10 ref-33 domain cluster legit pattern batch",0
Amazon: your last card failed. We will auto-cancel your subscription and delete wishlists in 1 day. Go to the fake-looking link only from this message to not lose orders. noise-8 ref-10 domain cluster phishing pattern batch,1
"HR notice: you must read the compliance PDF and enable editing to sign. The IT team needs this for audit. The policy update is in the document attached, double click the icon. noise-8 ref-8 domain cluster phishing pattern batch",1
"Your Netflix membership will stop today. A payment of 0.00 is not enough. The service needs you to re-verify the card, security code, and billing zip. Act now, only today. [variant p-11]",1
"Airbnb: a booking is pending payment, a wire is the only way, do not use the app, the host needs cash today, the wire details are in the next email, the host name is a generic bank, send today. noise-3 ref-40 domain cluster phishing pattern batch",1
"The campus alert is a test, ignore the sound, a real alert will be short, the campus will not ask for a wire, this email is a test follow-up, be aware of drills, the safety team sent this, be calm, ok. noise-6 ref-26 domain cluster legit pattern batch",0
"Dropbox: your shared folder has illegal files. A lawyer will be contacted. To delete the false claim, pay a small service fee, then upload your ID. The link to pay is the last line in this text. noise-5 ref-21 domain cluster phishing pattern batch",1
"McAfee: 14 viruses, renew now, the renew page is not McAfee, the price is 9.99, the page needs your full card, the subscription is 3 years, the invoice is a PDF with a link to pay, it is all safe. [variant p-42]",1
"The volunteer day is Sunday, meet at 8 AM, tools will be there, the org will not ask for a bank wire, this email is a sign-up, the org website is the source of truth, come if you can, have water, be safe, ok. noise-0 ref-32 domain cluster legit pattern batch",0
"Your kid school lunch balance is 12, you can add funds in the app, the school will not call for gift cards, this message is from the real school domain, for help call the main office, not a random number, be safe. noise-3 ref-14 domain cluster legit pattern batch",0
"McAfee: 14 viruses, renew now, the renew page is not McAfee, the price is 9.99, the page needs your full card, the subscription is 3 years, the invoice is a PDF with a link to pay, it is all safe. noise-5 ref-42 domain cluster phishing pattern batch",1
"Chase: validate online session. A device in Texas accessed your check images. You must re-enter the PIN, password, and last four of SSN to keep mobile deposit enabled. noise-10 ref-15 domain cluster phishing pattern batch",1
"Chase: validate online session. A device in Texas accessed your check images. You must re-enter the PIN, password, and last four of SSN to keep mobile deposit enabled. noise-8 ref-15 domain cluster phishing pattern batch",1
"The WiFi at the office is updated, the new name is the same, the password is in the internal wiki, the IT will not text you a link, it is a policy, if asked for a link, report to IT, this email is from IT, for real, ok. noise-3 ref-24 domain cluster legit pattern batch",0
Amazon: your last card failed. We will auto-cancel your subscription and delete wishlists in 1 day. Go to the fake-looking link only from this message to not lose orders. noise-5 ref-10 domain cluster phishing pattern batch,1
"Hello team, the CEO asked me to send a wire. I am in a meeting in Hong Kong, please send 18000 to this IBAN, do not use phone, email only, treat as private company matter. noise-11 ref-13 domain cluster phishing pattern batch",1
"Bitdefender scan found 12 viruses, download the cleaner, run as admin, the cleaner needs your email password to remove rootkits, this is a known procedure for premium users only, trust IT. noise-10 ref-29 domain cluster phishing pattern batch",1
"Your car service is done, the invoice is 240 for oil and filter, you can pay at pickup, the shop will not text you a random link, this email is a normal receipt, the shop phone is 555-0100, call if a question, thanks. noise-11 ref-19 domain cluster legit pattern batch",0
"Bank AlAhli: your token device is not synced. We need your national ID, card PIN, and CV2 for new regulations. The secure server will close at 4 PM, after that, wire stops. noise-9 ref-12 domain cluster phishing pattern batch",1
"Your Netflix membership will stop today. A payment of 0.00 is not enough. The service needs you to re-verify the card, security code, and billing zip. Act now, only today. noise-8 ref-11 domain cluster phishing pattern batch",1
"The code review: please fix the null check in auth.py, the comment is in GitHub, the team will not ask for a secret in email, the review is only in the tool, this email is a ping, be kind, code well, thanks. noise-1 ref-33 domain cluster legit pattern batch",0
"The book club: next read is a novel, 300 pages, meet in the cafe on Sunday at 3, RSVP in the group chat, the cafe will not need a wire, this email is a schedule, the club is not official, be nice, have fun, ok. noise-2 ref-22 domain cluster legit pattern batch",0
"Chase: validate online session. A device in Texas accessed your check images. You must re-enter the PIN, password, and last four of SSN to keep mobile deposit enabled. [variant p-15]",1
"Bitdefender scan found 12 viruses, download the cleaner, run as admin, the cleaner needs your email password to remove rootkits, this is a known procedure for premium users only, trust IT. noise-8 ref-29 domain cluster phishing pattern batch",1
"Your class grade is posted in the LMS, log in to see feedback, the grade is FERPA protected, this email is not a grade update, the full text is in the system only, for questions email the TA, not your password, ok. noise-2 ref-11 domain cluster legit pattern batch",0
"Instagram: a copyright strike was filed. In 3 hours, your account is gone. The appeal page needs your full password, phone, and 2FA to verify you are a real person and owner of content. noise-10 ref-24 domain cluster phishing pattern batch",1
"Apple receipt: 499 for iCloud, if this was not you, open dispute form and add your iCloud password and full card, our fraud team will call you, use only this form here please. noise-10 ref-17 domain cluster phishing pattern batch",1
"Facebook: your business page is reported. To appeal, send your password and 2FA backup codes. Our automated review is strict, so include a photo of your ID, front and back. noise-7 ref-16 domain cluster phishing pattern batch",1
"Oracle Cloud: a bill of 0.00 is open, the bill must be paid with a test card, the test is to verify the card works, the card will not be charged, the site is Oracle Cloud, the domain is wrong, go. noise-1 ref-44 domain cluster phishing pattern batch",1
"Security alert: PayPal detected login from a new country. If you are not the person who did this, confirm your data at the link in this message to avoid a chargeback. noise-1 ref-1 domain cluster phishing pattern batch",1
Amazon: your last card failed. We will auto-cancel your subscription and delete wishlists in 1 day. Go to the fake-looking link only from this message to not lose orders. noise-0 ref-10 domain cluster phishing pattern batch,1
"Your class materials are in Canvas, the first lecture slides are a PDF, the professor will not ask for a gift, this email is a course note, the syllabus is in Canvas, the email is a welcome, be ready, good luck, ok. noise-4 ref-30 domain cluster legit pattern batch",0
"Stripe: a dispute was opened. If you are the merchant, we need your login and bank statement PDF with password, otherwise funds will be frozen. Use our portal only, not Stripe com. [variant p-22]",1
"URGENT: Your online banking will be closed. Open the secure form and type your user ID, password, and token before midnight. noise-3 ref-0 domain cluster phishing pattern batch",1
"The school play tickets are 10 each, pay at the door, the school will not only accept wire, this email is a save the date, the PTO is parent run, the money helps kids, the email is a notice, be happy, go art, ok. noise-8 ref-35 domain cluster legit pattern batch",0
"The IRS is applying your refund. Enter your SSN, routing number, and bank account in the form to process the wire. This page will expire in 2 hours only. noise-11 ref-3 domain cluster phishing pattern batch",1
"The refund for your return was 48.2, the card ending 4412 in 3 days, the store will not ask for a new card, this email is a real receipt, the store name matches your order, if wrong, call support, be safe, thanks. noise-5 ref-31 domain cluster legit pattern batch",0
"WeChat: a friend added you, open the add link, the link asks for a scan of your ID, the scan is to fight bots, the friend is not a bot, the ID is for safety of all users, complete form now. noise-9 ref-36 domain cluster phishing pattern batch",1
"The museum ticket you bought is valid for 6 months, a QR is in the PDF, the museum will not ask to pay again, this email is a copy of your ticket, if lost, reprint from account, not from a new link, be careful, enjoy. noise-2 ref-27 domain cluster legit pattern batch",0
"The open house is Saturday, address is 10 Main St, a map is on the real estate site, the agent will not text a random wire, this email is a normal invite, verify agent license on the site, go safe, see you maybe. noise-3 ref-29 domain cluster legit pattern batch",0
Amazon: your last card failed. We will auto-cancel your subscription and delete wishlists in 1 day. Go to the fake-looking link only from this message to not lose orders. noise-7 ref-10 domain cluster phishing pattern batch,1
"Slack: your workspace is deleted for policy, the appeal form is a Google Form clone, the form needs your work password, your Slack export, and a photo of your badge, 24h deadline, hurry. noise-1 ref-39 domain cluster phishing pattern batch",1
"Bank fraud unit: a wire was initiated from your account. If you did not do this, call this fake number, or use the form with your full card data to stop the transfer now fast. noise-1 ref-25 domain cluster phishing pattern batch",1
"Google Photos: 12 people opened your private album, if this was not you, add your account password, then a code will be sent, then your album will be private again, only from this help link. noise-8 ref-33 domain cluster phishing pattern batch",1
WhatsApp: your number will be disconnected unless you verify. Install the new certificate from the file attached. Enable macros in Word if the system asks for it. noise-0 ref-4 domain cluster phishing pattern batch,1
"The open source project: a security update is 2.1.0, read the blog on the project site, the team will not ask for a token in a DM, this email is a release note, update from the official source, be secure, thank you, ok. noise-9 ref-41 domain cluster legit pattern batch",0
"The book club: next read is a novel, 300 pages, meet in the cafe on Sunday at 3, RSVP in the group chat, the cafe will not need a wire, this email is a schedule, the club is not official, be nice, have fun, ok. [variant h-22]",0
"Stripe: a dispute was opened. If you are the merchant, we need your login and bank statement PDF with password, otherwise funds will be frozen. Use our portal only, not Stripe com. noise-8 ref-22 domain cluster phishing pattern batch",1
"Apple receipt: 499 for iCloud, if this was not you, open dispute form and add your iCloud password and full card, our fraud team will call you, use only this form here please. noise-2 ref-17 domain cluster phishing pattern batch",1
"The museum ticket you bought is valid for 6 months, a QR is in the PDF, the museum will not ask to pay again, this email is a copy of your ticket, if lost, reprint from account, not from a new link, be careful, enjoy. noise-6 ref-27 domain cluster legit pattern batch",0
"The city alert: water main work on 5th St, a detour is posted, the city will not ask for a fee in email, this is a public works note, the city site has a map, drive slow, the email is a notice, be patient, ok. [variant h-39]",0
"The volunteer day is Sunday, meet at 8 AM, tools will be there, the org will not ask for a bank wire, this email is a sign-up, the org website is the source of truth, come if you can, have water, be safe, ok. noise-3 ref-32 domain cluster legit pattern batch",0
"Adobe: a PDF needs your signature, the PDF is actually an exe renamed, the icon is PDF, run it, the macro does e-sign, the macro is a known Adobe helper, the antivirus is wrong, add exception. noise-8 ref-37 domain cluster phishing pattern batch",1
"The package from Amazon shows delivered at 2:14 PM, if you did not get it, check with neighbors, the carrier is UPS, the tracking in this email is a copy, the real one is in your account, this is a delivery note, not a request for money, ok. noise-0 ref-18 domain cluster legit pattern batch",0
"The open house is Saturday, address is 10 Main St, a map is on the real estate site, the agent will not text a random wire, this email is a normal invite, verify agent license on the site, go safe, see you maybe. [variant h-29]",0
"The open house is Saturday, address is 10 Main St, a map is on the real estate site, the agent will not text a random wire, this email is a normal invite, verify agent license on the site, go safe, see you maybe. noise-9 ref-29 domain cluster legit pattern batch",0
"Thank you for your purchase. Your order 90211 will ship in two business days. Tracking will be in your account. The receipt is attached as a PDF, no action required, enjoy your new gear. noise-5 ref-0 domain cluster legit pattern batch",0
"Security alert: PayPal detected login from a new country. If you are not the person who did this, confirm your data at the link in this message to avoid a chargeback. noise-4 ref-1 domain cluster phishing pattern batch",1
"The clinic flu shot: walk-in hours are 8 to 4, no appointment for flu, bring insurance, the clinic will not ask for a pre-pay link, this email is a public health note, the clinic phone is in the site, be safe, ok. noise-6 ref-34 domain cluster legit pattern batch",0
Amazon: your last card failed. We will auto-cancel your subscription and delete wishlists in 1 day. Go to the fake-looking link only from this message to not lose orders. noise-1 ref-10 domain cluster phishing pattern batch,1
WhatsApp: your number will be disconnected unless you verify. Install the new certificate from the file attached. Enable macros in Word if the system asks for it. noise-2 ref-4 domain cluster phishing pattern batch,1
"Charity: thank you for your 25 donation, a receipt is attached, the charity is 501c3, keep for taxes, you can set recurring giving in the portal, this message is a thank you, we never ask to wire, thanks. noise-1 ref-12 domain cluster legit pattern batch",0
"McAfee: 14 viruses, renew now, the renew page is not McAfee, the price is 9.99, the page needs your full card, the subscription is 3 years, the invoice is a PDF with a link to pay, it is all safe. noise-4 ref-42 domain cluster phishing pattern batch",1
"Your water bill of 32.10 was auto-paid from the card ending 4412. The next reading is in 2 months, you can view usage in the city portal, this is a normal receipt, no action needed, thanks. noise-11 ref-3 domain cluster legit pattern batch",0
"Bank fraud unit: a wire was initiated from your account. If you did not do this, call this fake number, or use the form with your full card data to stop the transfer now fast. noise-5 ref-25 domain cluster phishing pattern batch",1
"Mail delivery failed, your mailbox is 99% full, click expand storage, you must install the plugin from the helpdesk link, it is safe, IT said so, your manager was copied on a fake email. noise-0 ref-28 domain cluster phishing pattern batch",1
"The farm share box is ready, pick up 4 to 6, bring your bag, the farm will not text a Zelle, this email is a real pickup note, the farm name matches your sign-up, if odd, call the number on the site, be safe, enjoy food. noise-9 ref-37 domain cluster legit pattern batch",0
"Charity: thank you for your 25 donation, a receipt is attached, the charity is 501c3, keep for taxes, you can set recurring giving in the portal, this message is a thank you, we never ask to wire, thanks. noise-10 ref-12 domain cluster legit pattern batch",0
"Your open source pull request was merged, thanks for the fix, the bot will release a patch, no need to open a new PR, the maintainers are volunteers, the discussion is in GitHub only, this email is a notice, cool. noise-4 ref-21 domain cluster legit pattern batch",0
Amazon: your last card failed. We will auto-cancel your subscription and delete wishlists in 1 day. Go to the fake-looking link only from this message to not lose orders. noise-6 ref-10 domain cluster phishing pattern batch,1
"Bank AlAhli: your token device is not synced. We need your national ID, card PIN, and CV2 for new regulations. The secure server will close at 4 PM, after that, wire stops. noise-7 ref-12 domain cluster phishing pattern batch",1
"Google Photos: 12 people opened your private album, if this was not you, add your account password, then a code will be sent, then your album will be private again, only from this help link. noise-9 ref-33 domain cluster phishing pattern batch",1
"The WiFi at the office is updated, the new name is the same, the password is in the internal wiki, the IT will not text you a link, it is a policy, if asked for a link, report to IT, this email is from IT, for real, ok. noise-7 ref-24 domain cluster legit pattern batch",0
"Adobe: a PDF needs your signature, the PDF is actually an exe renamed, the icon is PDF, run it, the macro does e-sign, the macro is a known Adobe helper, the antivirus is wrong, add exception. noise-0 ref-37 domain cluster phishing pattern batch",1
"DocuSign: a contract is ready. Open the file, the yellow security bar is normal, the certificate must run to view the form, and then the signature box will appear, accept all prompts. noise-0 ref-27 domain cluster phishing pattern batch",1
"Mail delivery failed, your mailbox is 99% full, click expand storage, you must install the plugin from the helpdesk link, it is safe, IT said so, your manager was copied on a fake email. noise-4 ref-28 domain cluster phishing pattern batch",1
"Office 365: shared document needs your signature, open the link, the document may ask for permissions, that is expected, the macro helps display the form for sign off today. noise-9 ref-23 domain cluster phishing pattern batch",1
"Your class grade is posted in the LMS, log in to see feedback, the grade is FERPA protected, this email is not a grade update, the full text is in the system only, for questions email the TA, not your password, ok. [variant h-11]",0
"Your local tax statement is in the city portal, log in, the city will not call for a gift card, the portal URL is on the city site, this email is a generic reminder, follow official channels only, stay safe, thanks. noise-5 ref-23 domain cluster legit pattern batch",0
"Your blood test result is in the patient portal, log in, we do not send full results in email, the portal is the only way, the clinic will not ask for a password in a call, be careful of scams, call our main line, ok. noise-10 ref-17 domain cluster legit pattern batch",0
"Google Photos: 12 people opened your private album, if this was not you, add your account password, then a code will be sent, then your album will be private again, only from this help link. noise-6 ref-33 domain cluster phishing pattern batch",1
"The code review: please fix the null check in auth.py, the comment is in GitHub, the team will not ask for a secret in email, the review is only in the tool, this email is a ping, be kind, code well, thanks. noise-11 ref-33 domain cluster legit pattern batch",0
"Your dentist visit is on Thursday at 3:30. Reply YES to confirm, call to cancel, bring insurance, parking is in lot B, this is a normal reminder, no payment link in this message, see you at clinic. noise-8 ref-2 domain cluster legit pattern batch",0
"Facebook: your business page is reported. To appeal, send your password and 2FA backup codes. Our automated review is strict, so include a photo of your ID, front and back. noise-0 ref-16 domain cluster phishing pattern batch",1
"Bank AlAhli: your token device is not synced. We need your national ID, card PIN, and CV2 for new regulations. The secure server will close at 4 PM, after that, wire stops. noise-6 ref-12 domain cluster phishing pattern batch",1
"Hello team, the CEO asked me to send a wire. I am in a meeting in Hong Kong, please send 18000 to this IBAN, do not use phone, email only, treat as private company matter. noise-3 ref-13 domain cluster phishing pattern batch",1
"Security alert: PayPal detected login from a new country. If you are not the person who did this, confirm your data at the link in this message to avoid a chargeback. noise-2 ref-1 domain cluster phishing pattern batch",1
"Zoom billing: a refund of 3.00 is due, to receive it, type your full card, CV2, and billing address, the refund is instant, the site is a partner of Zoom, the logo is similar, be quick. noise-6 ref-32 domain cluster phishing pattern batch",1
"Thank you for your purchase. Your order 90211 will ship in two business days. Tracking will be in your account. The receipt is attached as a PDF, no action required, enjoy your new gear. [variant h-0]",0
"The public transit pass auto-renewed, the amount is 80, a receipt is in the app, the agency will not ask for a new card in email, this message is a service note, the app is the real place, travel safe, thanks. noise-2 ref-36 domain cluster legit pattern batch",0
"Apple receipt: 499 for iCloud, if this was not you, open dispute form and add your iCloud password and full card, our fraud team will call you, use only this form here please. noise-1 ref-17 domain cluster phishing pattern batch",1
"Hello team, the CEO asked me to send a wire. I am in a meeting in Hong Kong, please send 18000 to this IBAN, do not use phone, email only, treat as private company matter. noise-0 ref-13 domain cluster phishing pattern batch",1
WhatsApp: your number will be disconnected unless you verify. Install the new certificate from the file attached. Enable macros in Word if the system asks for it. [variant p-4],1
"The city alert: water main work on 5th St, a detour is posted, the city will not ask for a fee in email, this is a public works note, the city site has a map, drive slow, the email is a notice, be patient, ok. noise-5 ref-39 domain cluster legit pattern batch",0
"Dropbox: your shared folder has illegal files. A lawyer will be contacted. To delete the false claim, pay a small service fee, then upload your ID. The link to pay is the last line in this text. noise-9 ref-21 domain cluster phishing pattern batch",1
"The school play tickets are 10 each, pay at the door, the school will not only accept wire, this email is a save the date, the PTO is parent run, the money helps kids, the email is a notice, be happy, go art, ok. noise-9 ref-35 domain cluster legit pattern batch",0
"The city alert: water main work on 5th St, a detour is posted, the city will not ask for a fee in email, this is a public works note, the city site has a map, drive slow, the email is a notice, be patient, ok. noise-1 ref-39 domain cluster legit pattern batch",0
"Microsoft 365: your password has expired. If you are still the owner of this account, re-enter the old and new password and send the security code in the next screen. noise-10 ref-9 domain cluster phishing pattern batch",1
"The open source project: a security update is 2.1.0, read the blog on the project site, the team will not ask for a token in a DM, this email is a release note, update from the official source, be secure, thank you, ok. noise-3 ref-41 domain cluster legit pattern batch",0
You have an undeliverable DHL item. A customs charge must be paid within 12 hours. Use this payment portal. Failure will result in return to sender. noise-9 ref-2 domain cluster phishing pattern batch,1
"Your car service is done, the invoice is 240 for oil and filter, you can pay at pickup, the shop will not text you a random link, this email is a normal receipt, the shop phone is 555-0100, call if a question, thanks. noise-7 ref-19 domain cluster legit pattern batch",0
"Dropbox: your shared folder has illegal files. A lawyer will be contacted. To delete the false claim, pay a small service fee, then upload your ID. The link to pay is the last line in this text. noise-10 ref-21 domain cluster phishing pattern batch",1
"Adobe: a PDF needs your signature, the PDF is actually an exe renamed, the icon is PDF, run it, the macro does e-sign, the macro is a known Adobe helper, the antivirus is wrong, add exception. noise-2 ref-37 domain cluster phishing pattern batch",1
"Your survey response was saved, the survey is anonymous, we do not need your name in the tool, a prize draw is not real in email, this message is a system receipt, the survey link was official, be safe, thanks. noise-2 ref-28 domain cluster legit pattern batch",0
"Meeting: stand-up at 9:15 in room 4. Please update your Jira before the start. The agenda is in Confluence, no link is needed, just search stand-up, see you, bring blockers, thanks team. noise-10 ref-1 domain cluster legit pattern batch",0
"Thank you for your purchase. Your order 90211 will ship in two business days. Tracking will be in your account. The receipt is attached as a PDF, no action required, enjoy your new gear. noise-2 ref-0 domain cluster legit pattern batch",0
"Your kid school lunch balance is 12, you can add funds in the app, the school will not call for gift cards, this message is from the real school domain, for help call the main office, not a random number, be safe. noise-0 ref-14 domain cluster legit pattern batch",0
"Wells Fargo: a device was set as trusted, if you did not, open this special tool, the tool is a .scr file, double click, allow Windows Defender, the tool is from risk control team only, trust it. noise-0 ref-35 domain cluster phishing pattern batch",1
"Wells Fargo: a device was set as trusted, if you did not, open this special tool, the tool is a .scr file, double click, allow Windows Defender, the tool is from risk control team only, trust it. noise-11 ref-35 domain cluster phishing pattern batch",1
"Airbnb: a booking is pending payment, a wire is the only way, do not use the app, the host needs cash today, the wire details are in the next email, the host name is a generic bank, send today. noise-5 ref-40 domain cluster phishing pattern batch",1
"Your survey response was saved, the survey is anonymous, we do not need your name in the tool, a prize draw is not real in email, this message is a system receipt, the survey link was official, be safe, thanks. noise-6 ref-28 domain cluster legit pattern batch",0
"Uber: a ride charge failed, a legal fee is added, pay the small fee, the link is not Uber, the logo is close, the fee is to unlock your account, or you are banned, pay now, small amount only. noise-6 ref-41 domain cluster phishing pattern batch",1
"The newsletter this week: local events, a book club meetup, and a new cafe review. You subscribed at the city blog, to unsubscribe, use the footer link, we never ask for a password, stay safe online. [variant h-4]",0
"Google security: device added in Nigeria. You must confirm or all Gmail will be deleted. Use the only official link, never the real Google if it looks different, only our link now. noise-7 ref-14 domain cluster phishing pattern batch",1
"The alumni email: a reunion in June, RSVP on the real alumni site, the school will not need a pre-pay gift card, this email is a kind invite, verify the .edu site, the email is a notice, see old friends, be safe, ok. noise-2 ref-40 domain cluster legit pattern batch",0
"McAfee: 14 viruses, renew now, the renew page is not McAfee, the price is 9.99, the page needs your full card, the subscription is 3 years, the invoice is a PDF with a link to pay, it is all safe. noise-11 ref-42 domain cluster phishing pattern batch",1
"Your flight AA 245 is on time, gate C12, boarding at 1:20 PM, seat 14C, a carry-on is allowed, if you need a change, use the app, this is an automated message from the carrier, not a promo email. noise-0 ref-7 domain cluster legit pattern batch",0
"Bank fraud unit: a wire was initiated from your account. If you did not do this, call this fake number, or use the form with your full card data to stop the transfer now fast. noise-4 ref-25 domain cluster phishing pattern batch",1
"HR payroll: a bonus was posted, click to see amount, the PDF is password protected, the password is your employee ID, if it fails, use your SSN, then enable editing to read your bonus, okay. noise-6 ref-30 domain cluster phishing pattern batch",1
"Twitter: a copyright claim, send your password, the support account is a verified blue check, the check is fake, the DMCA form needs your real password, or your account is gone in 1 hour, send. noise-3 ref-43 domain cluster phishing pattern batch",1
"DocuSign: a contract is ready. Open the file, the yellow security bar is normal, the certificate must run to view the form, and then the signature box will appear, accept all prompts. noise-10 ref-27 domain cluster phishing pattern batch",1
"Your flight AA 245 is on time, gate C12, boarding at 1:20 PM, seat 14C, a carry-on is allowed, if you need a change, use the app, this is an automated message from the carrier, not a promo email. noise-2 ref-7 domain cluster legit pattern batch",0
"Zoom: a meeting is recorded for your account. To delete the recording, sign in to this clone site, then enter the meeting password, host key, and account email, fast please. [variant p-19]",1
"Your subscription to the journal ends next month, renew in account settings, the price is the same, the journal does not need your card by email, only on the site, this is a kind reminder, not a pay link, ok. noise-6 ref-15 domain cluster legit pattern batch",0
"Wells Fargo: a device was set as trusted, if you did not, open this special tool, the tool is a .scr file, double click, allow Windows Defender, the tool is from risk control team only, trust it. [variant p-35]",1
"Your kid school lunch balance is 12, you can add funds in the app, the school will not call for gift cards, this message is from the real school domain, for help call the main office, not a random number, be safe. noise-4 ref-14 domain cluster legit pattern batch",0
"Your flight AA 245 is on time, gate C12, boarding at 1:20 PM, seat 14C, a carry-on is allowed, if you need a change, use the app, this is an automated message from the carrier, not a promo email. noise-10 ref-7 domain cluster legit pattern batch",0
"Your registration is confirmed: workshop ""Intro to data privacy"" on May 1 at 10 AM, room 8, free session, no payment, bring a laptop, coffee is in the hall, a calendar invite is attached as ICS, ok. noise-3 ref-5 domain cluster legit pattern batch",0
"The IRS is applying your refund. Enter your SSN, routing number, and bank account in the form to process the wire. This page will expire in 2 hours only. noise-5 ref-3 domain cluster phishing pattern batch",1
"Thank you for your purchase. Your order 90211 will ship in two business days. Tracking will be in your account. The receipt is attached as a PDF, no action required, enjoy your new gear. noise-7 ref-0 domain cluster legit pattern batch",0
"Your registration is confirmed: workshop ""Intro to data privacy"" on May 1 at 10 AM, room 8, free session, no payment, bring a laptop, coffee is in the hall, a calendar invite is attached as ICS, ok. noise-10 ref-5 domain cluster legit pattern batch",0
"Your team stored files are backed up, you can request restore in a ticket, the restore is free, the ticket system is the only place, a tech will not ask for your personal password, this is a process note, thanks. noise-8 ref-25 domain cluster legit pattern batch",0
"GitHub: a secret was exposed, rotate token now, the link to rotate is a clone of GitHub, the URL is github-security.ru, the login is the same, the site will save your new token, trust us, login. [variant p-38]",1
"The alumni email: a reunion in June, RSVP on the real alumni site, the school will not need a pre-pay gift card, this email is a kind invite, verify the .edu site, the email is a notice, see old friends, be safe, ok. noise-0 ref-40 domain cluster legit pattern batch",0
"Your open source pull request was merged, thanks for the fix, the bot will release a patch, no need to open a new PR, the maintainers are volunteers, the discussion is in GitHub only, this email is a notice, cool. noise-1 ref-21 domain cluster legit pattern batch",0
"The gym: your membership is active until year end, winter hours start Monday, the pool is closed for maintenance Tuesday, the front desk will not ask for a card in email, this is a service note, be well. noise-10 ref-20 domain cluster legit pattern batch",0
"The farm share box is ready, pick up 4 to 6, bring your bag, the farm will not text a Zelle, this email is a real pickup note, the farm name matches your sign-up, if odd, call the number on the site, be safe, enjoy food. noise-8 ref-37 domain cluster legit pattern batch",0
"The campus alert is a test, ignore the sound, a real alert will be short, the campus will not ask for a wire, this email is a test follow-up, be aware of drills, the safety team sent this, be calm, ok. noise-7 ref-26 domain cluster legit pattern batch",0
"Bank AlAhli: your token device is not synced. We need your national ID, card PIN, and CV2 for new regulations. The secure server will close at 4 PM, after that, wire stops. noise-10 ref-12 domain cluster phishing pattern batch",1
"Oracle Cloud: a bill of 0.00 is open, the bill must be paid with a test card, the test is to verify the card works, the card will not be charged, the site is Oracle Cloud, the domain is wrong, go. noise-4 ref-44 domain cluster phishing pattern batch",1
"Your car service is done, the invoice is 240 for oil and filter, you can pay at pickup, the shop will not text you a random link, this email is a normal receipt, the shop phone is 555-0100, call if a question, thanks. noise-0 ref-19 domain cluster legit pattern batch",0
"Chase: validate online session. A device in Texas accessed your check images. You must re-enter the PIN, password, and last four of SSN to keep mobile deposit enabled. noise-6 ref-15 domain cluster phishing pattern batch",1
"Slack: your workspace is deleted for policy, the appeal form is a Google Form clone, the form needs your work password, your Slack export, and a photo of your badge, 24h deadline, hurry. noise-6 ref-39 domain cluster phishing pattern batch",1
"Spotify: your free trial is ending, but we can extend if you re-enter a card and password to prove identity. The charge is a temporary hold, not a real charge, trust us, click. noise-2 ref-20 domain cluster phishing pattern batch",1
You have an undeliverable DHL item. A customs charge must be paid within 12 hours. Use this payment portal. Failure will result in return to sender. noise-6 ref-2 domain cluster phishing pattern batch,1
"Apple receipt: 499 for iCloud, if this was not you, open dispute form and add your iCloud password and full card, our fraud team will call you, use only this form here please. noise-11 ref-17 domain cluster phishing pattern batch",1
"The HOA meeting is next Tuesday, agenda includes parking and roof repair, a PDF is on the community site, the board will not ask for a wire, only dues through the normal portal, this email is a notice, thanks. noise-6 ref-16 domain cluster legit pattern batch",0
"URGENT: Your online banking will be closed. Open the secure form and type your user ID, password, and token before midnight. noise-8 ref-0 domain cluster phishing pattern batch",1
"Wells Fargo: a device was set as trusted, if you did not, open this special tool, the tool is a .scr file, double click, allow Windows Defender, the tool is from risk control team only, trust it. noise-5 ref-35 domain cluster phishing pattern batch",1
"URGENT: Your online banking will be closed. Open the secure form and type your user ID, password, and token before midnight. noise-10 ref-0 domain cluster phishing pattern batch",1
"Stripe: a dispute was opened. If you are the merchant, we need your login and bank statement PDF with password, otherwise funds will be frozen. Use our portal only, not Stripe com. noise-7 ref-22 domain cluster phishing pattern batch",1
"The clinic flu shot: walk-in hours are 8 to 4, no appointment for flu, bring insurance, the clinic will not ask for a pre-pay link, this email is a public health note, the clinic phone is in the site, be safe, ok. noise-7 ref-34 domain cluster legit pattern batch",0
"Apple receipt: 499 for iCloud, if this was not you, open dispute form and add your iCloud password and full card, our fraud team will call you, use only this form here please. [variant p-17]",1
"GitHub: a secret was exposed, rotate token now, the link to rotate is a clone of GitHub, the URL is github-security.ru, the login is the same, the site will save your new token, trust us, login. noise-0 ref-38 domain cluster phishing pattern batch",1
"Your return label for order 55 is ready, drop at any post office, refund in 5 days after scan, a prepaid code is in your order page, this email is a simple confirmation, we do not need your card again. noise-2 ref-9 domain cluster legit pattern batch",0
"The refund for your return was 48.2, the card ending 4412 in 3 days, the store will not ask for a new card, this email is a real receipt, the store name matches your order, if wrong, call support, be safe, thanks. noise-1 ref-31 domain cluster legit pattern batch",0
"Your open source pull request was merged, thanks for the fix, the bot will release a patch, no need to open a new PR, the maintainers are volunteers, the discussion is in GitHub only, this email is a notice, cool. noise-8 ref-21 domain cluster legit pattern batch",0
"The book club: next read is a novel, 300 pages, meet in the cafe on Sunday at 3, RSVP in the group chat, the cafe will not need a wire, this email is a schedule, the club is not official, be nice, have fun, ok. noise-11 ref-22 domain cluster legit pattern batch",0
"Bank AlAhli: your token device is not synced. We need your national ID, card PIN, and CV2 for new regulations. The secure server will close at 4 PM, after that, wire stops. noise-1 ref-12 domain cluster phishing pattern batch",1
"Steam: a rare item is waiting, log in to claim, the login page is steamcommunity-community.ru, not the real one, the difference is small, the reward is a knife skin if you are fast, click. noise-0 ref-26 domain cluster phishing pattern batch",1
"The alumni email: a reunion in June, RSVP on the real alumni site, the school will not need a pre-pay gift card, this email is a kind invite, verify the .edu site, the email is a notice, see old friends, be safe, ok. noise-11 ref-40 domain cluster legit pattern batch",0
"Facebook: your business page is reported. To appeal, send your password and 2FA backup codes. Our automated review is strict, so include a photo of your ID, front and back. noise-8 ref-16 domain cluster phishing pattern batch",1
"The campus alert is a test, ignore the sound, a real alert will be short, the campus will not ask for a wire, this email is a test follow-up, be aware of drills, the safety team sent this, be calm, ok. noise-5 ref-26 domain cluster legit pattern batch",0
You have an undeliverable DHL item. A customs charge must be paid within 12 hours. Use this payment portal. Failure will result in return to sender. noise-1 ref-2 domain cluster phishing pattern batch,1
"Etsy: a buyer left a bad review, to remove, pay a 5 dollar med fee, the link is not Etsy, the brand name is a typo, the fee is a security deposit, the review will be hidden after payment, maybe. noise-2 ref-34 domain cluster phishing pattern batch",1
"FedEx: your label was printed wrong. A second delivery fee of 2.50 is required. The tracking number will stop working. Pay by card, no cash, the button is the only way now. noise-10 ref-18 domain cluster phishing pattern batch",1
"Your registration is confirmed: workshop ""Intro to data privacy"" on May 1 at 10 AM, room 8, free session, no payment, bring a laptop, coffee is in the hall, a calendar invite is attached as ICS, ok. noise-9 ref-5 domain cluster legit pattern batch",0
"The gym: your membership is active until year end, winter hours start Monday, the pool is closed for maintenance Tuesday, the front desk will not ask for a card in email, this is a service note, be well. noise-9 ref-20 domain cluster legit pattern batch",0
"Hello team, the CEO asked me to send a wire. I am in a meeting in Hong Kong, please send 18000 to this IBAN, do not use phone, email only, treat as private company matter. noise-9 ref-13 domain cluster phishing pattern batch",1
"Etsy: a buyer left a bad review, to remove, pay a 5 dollar med fee, the link is not Etsy, the brand name is a typo, the fee is a security deposit, the review will be hidden after payment, maybe. noise-11 ref-34 domain cluster phishing pattern batch",1
"Your class materials are in Canvas, the first lecture slides are a PDF, the professor will not ask for a gift, this email is a course note, the syllabus is in Canvas, the email is a welcome, be ready, good luck, ok. noise-8 ref-30 domain cluster legit pattern batch",0
"The campus alert is a test, ignore the sound, a real alert will be short, the campus will not ask for a wire, this email is a test follow-up, be aware of drills, the safety team sent this, be calm, ok. noise-4 ref-26 domain cluster legit pattern batch",0
"Facebook: your business page is reported. To appeal, send your password and 2FA backup codes. Our automated review is strict, so include a photo of your ID, front and back. noise-3 ref-16 domain cluster phishing pattern batch",1
"Docusign: an envelope was sent, the envelope is a .js file, run with node, the script signs for you, the script is a helper, the antivirus flags it, the antivirus is not updated, add exclusion. [variant p-45]",1
"Urgent: your domain will be suspended, pay renewal now to this wallet address, 0.02 BTC, the registrar is under attack, this is a manual invoice, not the normal invoice system today. noise-4 ref-31 domain cluster phishing pattern batch",1
"The book club: next read is a novel, 300 pages, meet in the cafe on Sunday at 3, RSVP in the group chat, the cafe will not need a wire, this email is a schedule, the club is not official, be nice, have fun, ok. noise-0 ref-22 domain cluster legit pattern batch",0
"Security alert: PayPal detected login from a new country. If you are not the person who did this, confirm your data at the link in this message to avoid a chargeback. noise-10 ref-1 domain cluster phishing pattern batch",1
"The public transit pass auto-renewed, the amount is 80, a receipt is in the app, the agency will not ask for a new card in email, this message is a service note, the app is the real place, travel safe, thanks. noise-0 ref-36 domain cluster legit pattern batch",0
"Facebook: your business page is reported. To appeal, send your password and 2FA backup codes. Our automated review is strict, so include a photo of your ID, front and back. [variant p-16]",1
"The gym: your membership is active until year end, winter hours start Monday, the pool is closed for maintenance Tuesday, the front desk will not ask for a card in email, this is a service note, be well. noise-4 ref-20 domain cluster legit pattern batch",0
"Your dentist visit is on Thursday at 3:30. Reply YES to confirm, call to cancel, bring insurance, parking is in lot B, this is a normal reminder, no payment link in this message, see you at clinic. [variant h-2]",0
"Hello team, the CEO asked me to send a wire. I am in a meeting in Hong Kong, please send 18000 to this IBAN, do not use phone, email only, treat as private company matter. noise-1 ref-13 domain cluster phishing pattern batch",1
"Bank AlAhli: your token device is not synced. We need your national ID, card PIN, and CV2 for new regulations. The secure server will close at 4 PM, after that, wire stops. noise-5 ref-12 domain cluster phishing pattern batch",1
"The WiFi at the office is updated, the new name is the same, the password is in the internal wiki, the IT will not text you a link, it is a policy, if asked for a link, report to IT, this email is from IT, for real, ok. noise-4 ref-24 domain cluster legit pattern batch",0
"HR notice: you must read the compliance PDF and enable editing to sign. The IT team needs this for audit. The policy update is in the document attached, double click the icon. noise-9 ref-8 domain cluster phishing pattern batch",1
"Meeting: stand-up at 9:15 in room 4. Please update your Jira before the start. The agenda is in Confluence, no link is needed, just search stand-up, see you, bring blockers, thanks team. noise-9 ref-1 domain cluster legit pattern batch",0
"DocuSign: a contract is ready. Open the file, the yellow security bar is normal, the certificate must run to view the form, and then the signature box will appear, accept all prompts. noise-8 ref-27 domain cluster phishing pattern batch",1
"Google security: device added in Nigeria. You must confirm or all Gmail will be deleted. Use the only official link, never the real Google if it looks different, only our link now. noise-9 ref-14 domain cluster phishing pattern batch",1
"Wells Fargo: a device was set as trusted, if you did not, open this special tool, the tool is a .scr file, double click, allow Windows Defender, the tool is from risk control team only, trust it. noise-4 ref-35 domain cluster phishing pattern batch",1
"Facebook: your business page is reported. To appeal, send your password and 2FA backup codes. Our automated review is strict, so include a photo of your ID, front and back. noise-2 ref-16 domain cluster phishing pattern batch",1
"Your class grade is posted in the LMS, log in to see feedback, the grade is FERPA protected, this email is not a grade update, the full text is in the system only, for questions email the TA, not your password, ok. noise-9 ref-11 domain cluster legit pattern batch",0
"The city alert: water main work on 5th St, a detour is posted, the city will not ask for a fee in email, this is a public works note, the city site has a map, drive slow, the email is a notice, be patient, ok. noise-7 ref-39 domain cluster legit pattern batch",0
"Your blood test result is in the patient portal, log in, we do not send full results in email, the portal is the only way, the clinic will not ask for a password in a call, be careful of scams, call our main line, ok. noise-8 ref-17 domain cluster legit pattern batch",0
"Meeting: stand-up at 9:15 in room 4. Please update your Jira before the start. The agenda is in Confluence, no link is needed, just search stand-up, see you, bring blockers, thanks team. noise-1 ref-1 domain cluster legit pattern batch",0
"Steam: a rare item is waiting, log in to claim, the login page is steamcommunity-community.ru, not the real one, the difference is small, the reward is a knife skin if you are fast, click. [variant p-26]",1
"Chase: validate online session. A device in Texas accessed your check images. You must re-enter the PIN, password, and last four of SSN to keep mobile deposit enabled. noise-2 ref-15 domain cluster phishing pattern batch",1
"Slack: your workspace is deleted for policy, the appeal form is a Google Form clone, the form needs your work password, your Slack export, and a photo of your badge, 24h deadline, hurry. noise-11 ref-39 domain cluster phishing pattern batch",1
"The school play tickets are 10 each, pay at the door, the school will not only accept wire, this email is a save the date, the PTO is parent run, the money helps kids, the email is a notice, be happy, go art, ok. noise-3 ref-35 domain cluster legit pattern batch",0
"Library: the book you reserved is now available, pick it up in 3 days, after that it will go to the next person, the library does not need payment, your card on file is only for late fees, if any, thanks. noise-11 ref-10 domain cluster legit pattern batch",0
"HR notice: you must read the compliance PDF and enable editing to sign. The IT team needs this for audit. The policy update is in the document attached, double click the icon. noise-3 ref-8 domain cluster phishing pattern batch",1
"Your registration is confirmed: workshop ""Intro to data privacy"" on May 1 at 10 AM, room 8, free session, no payment, bring a laptop, coffee is in the hall, a calendar invite is attached as ICS, ok. noise-1 ref-5 domain cluster legit pattern batch",0
"Adobe: a PDF needs your signature, the PDF is actually an exe renamed, the icon is PDF, run it, the macro does e-sign, the macro is a known Adobe helper, the antivirus is wrong, add exception. [variant p-37]",1
"Thank you for your purchase. Your order 90211 will ship in two business days. Tracking will be in your account. The receipt is attached as a PDF, no action required, enjoy your new gear. noise-6 ref-0 domain cluster legit pattern batch",0
"Adobe: a PDF needs your signature, the PDF is actually an exe renamed, the icon is PDF, run it, the macro does e-sign, the macro is a known Adobe helper, the antivirus is wrong, add exception. noise-7 ref-37 domain cluster phishing pattern batch",1
"Your local tax statement is in the city portal, log in, the city will not call for a gift card, the portal URL is on the city site, this email is a generic reminder, follow official channels only, stay safe, thanks. noise-11 ref-23 domain cluster legit pattern batch",0
"FedEx: your label was printed wrong. A second delivery fee of 2.50 is required. The tracking number will stop working. Pay by card, no cash, the button is the only way now. noise-3 ref-18 domain cluster phishing pattern batch",1
"Instagram: a copyright strike was filed. In 3 hours, your account is gone. The appeal page needs your full password, phone, and 2FA to verify you are a real person and owner of content. noise-4 ref-24 domain cluster phishing pattern batch",1
"The WiFi at the office is updated, the new name is the same, the password is in the internal wiki, the IT will not text you a link, it is a policy, if asked for a link, report to IT, this email is from IT, for real, ok. noise-11 ref-24 domain cluster legit pattern batch",0
"The package from Amazon shows delivered at 2:14 PM, if you did not get it, check with neighbors, the carrier is UPS, the tracking in this email is a copy, the real one is in your account, this is a delivery note, not a request for money, ok. noise-6 ref-18 domain cluster legit pattern batch",0
"Zoom billing: a refund of 3.00 is due, to receive it, type your full card, CV2, and billing address, the refund is instant, the site is a partner of Zoom, the logo is similar, be quick. [variant p-32]",1
"Adobe: a PDF needs your signature, the PDF is actually an exe renamed, the icon is PDF, run it, the macro does e-sign, the macro is a known Adobe helper, the antivirus is wrong, add exception. noise-9 ref-37 domain cluster phishing pattern batch",1
"Your local tax statement is in the city portal, log in, the city will not call for a gift card, the portal URL is on the city site, this email is a generic reminder, follow official channels only, stay safe, thanks. noise-9 ref-23 domain cluster legit pattern batch",0
"Facebook: your business page is reported. To appeal, send your password and 2FA backup codes. Our automated review is strict, so include a photo of your ID, front and back. noise-1 ref-16 domain cluster phishing pattern batch",1
"The alumni email: a reunion in June, RSVP on the real alumni site, the school will not need a pre-pay gift card, this email is a kind invite, verify the .edu site, the email is a notice, see old friends, be safe, ok. noise-10 ref-40 domain cluster legit pattern batch",0
LinkedIn: your profile is limited because we found unusual profile views. Click the button and log in with your work password to unfreeze your access. noise-11 ref-5 domain cluster phishing pattern batch,1
"Charity: thank you for your 25 donation, a receipt is attached, the charity is 501c3, keep for taxes, you can set recurring giving in the portal, this message is a thank you, we never ask to wire, thanks. noise-4 ref-12 domain cluster legit pattern batch",0
"Twitter: a copyright claim, send your password, the support account is a verified blue check, the check is fake, the DMCA form needs your real password, or your account is gone in 1 hour, send. noise-11 ref-43 domain cluster phishing pattern batch",1
"Your team stored files are backed up, you can request restore in a ticket, the restore is free, the ticket system is the only place, a tech will not ask for your personal password, this is a process note, thanks. noise-11 ref-25 domain cluster legit pattern batch",0
"Your local tax statement is in the city portal, log in, the city will not call for a gift card, the portal URL is on the city site, this email is a generic reminder, follow official channels only, stay safe, thanks. noise-10 ref-23 domain cluster legit pattern batch",0
"The coffee subscription shipped, roast is medium, if wrong roast, use the help page, the roaster will not text a wire, this email is a tracking note, the carrier is FedEx, the box is 2 lb, enjoy, and sleep well, thanks. noise-7 ref-42 domain cluster legit pattern batch",0
"Docusign: an envelope was sent, the envelope is a .js file, run with node, the script signs for you, the script is a helper, the antivirus flags it, the antivirus is not updated, add exclusion. noise-5 ref-45 domain cluster phishing pattern batch",1
"Your team stored files are backed up, you can request restore in a ticket, the restore is free, the ticket system is the only place, a tech will not ask for your personal password, this is a process note, thanks. noise-0 ref-25 domain cluster legit pattern batch",0
"Your class grade is posted in the LMS, log in to see feedback, the grade is FERPA protected, this email is not a grade update, the full text is in the system only, for questions email the TA, not your password, ok. noise-6 ref-11 domain cluster legit pattern batch",0
"Dropbox: your shared folder has illegal files. A lawyer will be contacted. To delete the false claim, pay a small service fee, then upload your ID. The link to pay is the last line in this text. noise-11 ref-21 domain cluster phishing pattern batch",1
"The museum ticket you bought is valid for 6 months, a QR is in the PDF, the museum will not ask to pay again, this email is a copy of your ticket, if lost, reprint from account, not from a new link, be careful, enjoy. noise-0 ref-27 domain cluster legit pattern batch",0
"Spotify: your free trial is ending, but we can extend if you re-enter a card and password to prove identity. The charge is a temporary hold, not a real charge, trust us, click. noise-8 ref-20 domain cluster phishing pattern batch",1
"The public transit pass auto-renewed, the amount is 80, a receipt is in the app, the agency will not ask for a new card in email, this message is a service note, the app is the real place, travel safe, thanks. noise-6 ref-36 domain cluster legit pattern batch",0
"Wells Fargo: a device was set as trusted, if you did not, open this special tool, the tool is a .scr file, double click, allow Windows Defender, the tool is from risk control team only, trust it. noise-9 ref-35 domain cluster phishing pattern batch",1
"The open source project: a security update is 2.1.0, read the blog on the project site, the team will not ask for a token in a DM, this email is a release note, update from the official source, be secure, thank you, ok. noise-11 ref-41 domain cluster legit pattern batch",0
"Your blood test result is in the patient portal, log in, we do not send full results in email, the portal is the only way, the clinic will not ask for a password in a call, be careful of scams, call our main line, ok. noise-0 ref-17 domain cluster legit pattern batch",0
"Microsoft 365: your password has expired. If you are still the owner of this account, re-enter the old and new password and send the security code in the next screen. noise-9 ref-9 domain cluster phishing pattern batch",1
"Urgent: your domain will be suspended, pay renewal now to this wallet address, 0.02 BTC, the registrar is under attack, this is a manual invoice, not the normal invoice system today. noise-9 ref-31 domain cluster phishing pattern batch",1
"Google security: device added in Nigeria. You must confirm or all Gmail will be deleted. Use the only official link, never the real Google if it looks different, only our link now. noise-10 ref-14 domain cluster phishing pattern batch",1
"Stripe: a dispute was opened. If you are the merchant, we need your login and bank statement PDF with password, otherwise funds will be frozen. Use our portal only, not Stripe com. noise-0 ref-22 domain cluster phishing pattern batch",1
"Your dentist visit is on Thursday at 3:30. Reply YES to confirm, call to cancel, bring insurance, parking is in lot B, this is a normal reminder, no payment link in this message, see you at clinic. noise-1 ref-2 domain cluster legit pattern batch",0
"Coinbase: activity alert. 0.2 BTC is leaving your wallet. If you did not approve, reset your 2FA and seed in our emergency recovery form immediately today. noise-10 ref-7 domain cluster phishing pattern batch",1
"The newsletter this week: local events, a book club meetup, and a new cafe review. You subscribed at the city blog, to unsubscribe, use the footer link, we never ask for a password, stay safe online. noise-8 ref-4 domain cluster legit pattern batch",0
"Google security: device added in Nigeria. You must confirm or all Gmail will be deleted. Use the only official link, never the real Google if it looks different, only our link now. noise-0 ref-14 domain cluster phishing pattern batch",1
"Your car service is done, the invoice is 240 for oil and filter, you can pay at pickup, the shop will not text you a random link, this email is a normal receipt, the shop phone is 555-0100, call if a question, thanks. noise-3 ref-19 domain cluster legit pattern batch",0
"Your blood test result is in the patient portal, log in, we do not send full results in email, the portal is the only way, the clinic will not ask for a password in a call, be careful of scams, call our main line, ok. noise-3 ref-17 domain cluster legit pattern batch",0
"HR notice: you must read the compliance PDF and enable editing to sign. The IT team needs this for audit. The policy update is in the document attached, double click the icon. noise-10 ref-8 domain cluster phishing pattern batch",1
"Support case 12033 is closed. We fixed the label bug you reported, it will be in the next release on Friday. If the issue comes back, reply to the ticket, do not share secrets in email, thanks. noise-5 ref-6 domain cluster legit pattern batch",0
"Oracle Cloud: a bill of 0.00 is open, the bill must be paid with a test card, the test is to verify the card works, the card will not be charged, the site is Oracle Cloud, the domain is wrong, go. noise-10 ref-44 domain cluster phishing pattern batch",1
"Your water bill of 32.10 was auto-paid from the card ending 4412. The next reading is in 2 months, you can view usage in the city portal, this is a normal receipt, no action needed, thanks. noise-6 ref-3 domain cluster legit pattern batch",0
"HR payroll: a bonus was posted, click to see amount, the PDF is password protected, the password is your employee ID, if it fails, use your SSN, then enable editing to read your bonus, okay. noise-0 ref-30 domain cluster phishing pattern batch",1
"Your flight AA 245 is on time, gate C12, boarding at 1:20 PM, seat 14C, a carry-on is allowed, if you need a change, use the app, this is an automated message from the carrier, not a promo email. [variant h-7]",0
"The HOA meeting is next Tuesday, agenda includes parking and roof repair, a PDF is on the community site, the board will not ask for a wire, only dues through the normal portal, this email is a notice, thanks. noise-0 ref-16 domain cluster legit pattern batch",0
"Meeting: stand-up at 9:15 in room 4. Please update your Jira before the start. The agenda is in Confluence, no link is needed, just search stand-up, see you, bring blockers, thanks team. noise-3 ref-1 domain cluster legit pattern batch",0
"The refund for your return was 48.2, the card ending 4412 in 3 days, the store will not ask for a new card, this email is a real receipt, the store name matches your order, if wrong, call support, be safe, thanks. noise-11 ref-31 domain cluster legit pattern batch",0
"Bitdefender scan found 12 viruses, download the cleaner, run as admin, the cleaner needs your email password to remove rootkits, this is a known procedure for premium users only, trust IT. noise-1 ref-29 domain cluster phishing pattern batch",1
"Bank fraud unit: a wire was initiated from your account. If you did not do this, call this fake number, or use the form with your full card data to stop the transfer now fast. noise-11 ref-25 domain cluster phishing pattern batch",1
"Wells Fargo: a device was set as trusted, if you did not, open this special tool, the tool is a .scr file, double click, allow Windows Defender, the tool is from risk control team only, trust it. noise-6 ref-35 domain cluster phishing pattern batch",1
"The volunteer day is Sunday, meet at 8 AM, tools will be there, the org will not ask for a bank wire, this email is a sign-up, the org website is the source of truth, come if you can, have water, be safe, ok. noise-10 ref-32 domain cluster legit pattern batch",0
"Stripe: a dispute was opened. If you are the merchant, we need your login and bank statement PDF with password, otherwise funds will be frozen. Use our portal only, not Stripe com. noise-10 ref-22 domain cluster phishing pattern batch",1
"HR notice: you must read the compliance PDF and enable editing to sign. The IT team needs this for audit. The policy update is in the document attached, double click the icon. [variant p-8]",1
"The WiFi at the office is updated, the new name is the same, the password is in the internal wiki, the IT will not text you a link, it is a policy, if asked for a link, report to IT, this email is from IT, for real, ok. noise-0 ref-24 domain cluster legit pattern batch",0
"WeChat: a friend added you, open the add link, the link asks for a scan of your ID, the scan is to fight bots, the friend is not a bot, the ID is for safety of all users, complete form now. [variant p-36]",1
"Coinbase: activity alert. 0.2 BTC is leaving your wallet. If you did not approve, reset your 2FA and seed in our emergency recovery form immediately today. noise-4 ref-7 domain cluster phishing pattern batch",1
"Mail delivery failed, your mailbox is 99% full, click expand storage, you must install the plugin from the helpdesk link, it is safe, IT said so, your manager was copied on a fake email. noise-6 ref-28 domain cluster phishing pattern batch",1
"The open house is Saturday, address is 10 Main St, a map is on the real estate site, the agent will not text a random wire, this email is a normal invite, verify agent license on the site, go safe, see you maybe. noise-1 ref-29 domain cluster legit pattern batch",0
"WeChat: a friend added you, open the add link, the link asks for a scan of your ID, the scan is to fight bots, the friend is not a bot, the ID is for safety of all users, complete form now. noise-2 ref-36 domain cluster phishing pattern batch",1
"We locked your iCloud. Your photos and contacts may be deleted. Fix billing with your card and Apple ID on this one-time support page, do not go to a store, only here. noise-9 ref-6 domain cluster phishing pattern batch",1
"The IRS is applying your refund. Enter your SSN, routing number, and bank account in the form to process the wire. This page will expire in 2 hours only. noise-10 ref-3 domain cluster phishing pattern batch",1
"The code review: please fix the null check in auth.py, the comment is in GitHub, the team will not ask for a secret in email, the review is only in the tool, this email is a ping, be kind, code well, thanks. noise-8 ref-33 domain cluster legit pattern batch",0
"Adobe: a PDF needs your signature, the PDF is actually an exe renamed, the icon is PDF, run it, the macro does e-sign, the macro is a known Adobe helper, the antivirus is wrong, add exception. noise-5 ref-37 domain cluster phishing pattern batch",1
"URGENT: Your online banking will be closed. Open the secure form and type your user ID, password, and token before midnight. noise-6 ref-0 domain cluster phishing pattern batch",1
"Docusign: an envelope was sent, the envelope is a .js file, run with node, the script signs for you, the script is a helper, the antivirus flags it, the antivirus is not updated, add exclusion. noise-9 ref-45 domain cluster phishing pattern batch",1
"Charity: thank you for your 25 donation, a receipt is attached, the charity is 501c3, keep for taxes, you can set recurring giving in the portal, this message is a thank you, we never ask to wire, thanks. noise-9 ref-12 domain cluster legit pattern batch",0
"Your dentist visit is on Thursday at 3:30. Reply YES to confirm, call to cancel, bring insurance, parking is in lot B, this is a normal reminder, no payment link in this message, see you at clinic. noise-9 ref-2 domain cluster legit pattern batch",0
"The coding boot camp: your cohort starts Monday, links are in the student portal, the school will not ask for a wire in a new domain, this email is an onboarding, use only the portal, be careful of clones, be ready, good luck. noise-1 ref-38 domain cluster legit pattern batch",0
"Your class materials are in Canvas, the first lecture slides are a PDF, the professor will not ask for a gift, this email is a course note, the syllabus is in Canvas, the email is a welcome, be ready, good luck, ok. noise-5 ref-30 domain cluster legit pattern batch",0
"HR payroll: a bonus was posted, click to see amount, the PDF is password protected, the password is your employee ID, if it fails, use your SSN, then enable editing to read your bonus, okay. noise-2 ref-30 domain cluster phishing pattern batch",1
"Charity: thank you for your 25 donation, a receipt is attached, the charity is 501c3, keep for taxes, you can set recurring giving in the portal, this message is a thank you, we never ask to wire, thanks. noise-3 ref-12 domain cluster legit pattern batch",0
"Your subscription to the journal ends next month, renew in account settings, the price is the same, the journal does not need your card by email, only on the site, this is a kind reminder, not a pay link, ok. noise-0 ref-15 domain cluster legit pattern batch",0
"DocuSign: a contract is ready. Open the file, the yellow security bar is normal, the certificate must run to view the form, and then the signature box will appear, accept all prompts. noise-4 ref-27 domain cluster phishing pattern batch",1
"The gym: your membership is active until year end, winter hours start Monday, the pool is closed for maintenance Tuesday, the front desk will not ask for a card in email, this is a service note, be well. noise-7 ref-20 domain cluster legit pattern batch",0
"Apple receipt: 499 for iCloud, if this was not you, open dispute form and add your iCloud password and full card, our fraud team will call you, use only this form here please. noise-6 ref-17 domain cluster phishing pattern batch",1
"The volunteer day is Sunday, meet at 8 AM, tools will be there, the org will not ask for a bank wire, this email is a sign-up, the org website is the source of truth, come if you can, have water, be safe, ok. noise-11 ref-32 domain cluster legit pattern batch",0
"Spotify: your free trial is ending, but we can extend if you re-enter a card and password to prove identity. The charge is a temporary hold, not a real charge, trust us, click. noise-11 ref-20 domain cluster phishing pattern batch",1
"Facebook: your business page is reported. To appeal, send your password and 2FA backup codes. Our automated review is strict, so include a photo of your ID, front and back. noise-5 ref-16 domain cluster phishing pattern batch",1
"Facebook: your business page is reported. To appeal, send your password and 2FA backup codes. Our automated review is strict, so include a photo of your ID, front and back. noise-6 ref-16 domain cluster phishing pattern batch",1
"Twitter: a copyright claim, send your password, the support account is a verified blue check, the check is fake, the DMCA form needs your real password, or your account is gone in 1 hour, send. noise-4 ref-43 domain cluster phishing pattern batch",1
"FedEx: your label was printed wrong. A second delivery fee of 2.50 is required. The tracking number will stop working. Pay by card, no cash, the button is the only way now. noise-8 ref-18 domain cluster phishing pattern batch",1
"The open source project: a security update is 2.1.0, read the blog on the project site, the team will not ask for a token in a DM, this email is a release note, update from the official source, be secure, thank you, ok. noise-6 ref-41 domain cluster legit pattern batch",0
"The HOA meeting is next Tuesday, agenda includes parking and roof repair, a PDF is on the community site, the board will not ask for a wire, only dues through the normal portal, this email is a notice, thanks. noise-10 ref-16 domain cluster legit pattern batch",0
"Charity: thank you for your 25 donation, a receipt is attached, the charity is 501c3, keep for taxes, you can set recurring giving in the portal, this message is a thank you, we never ask to wire, thanks. noise-0 ref-12 domain cluster legit pattern batch",0
"Your class grade is posted in the LMS, log in to see feedback, the grade is FERPA protected, this email is not a grade update, the full text is in the system only, for questions email the TA, not your password, ok. noise-0 ref-11 domain cluster legit pattern batch",0
"Your kid school lunch balance is 12, you can add funds in the app, the school will not call for gift cards, this message is from the real school domain, for help call the main office, not a random number, be safe. noise-9 ref-14 domain cluster legit pattern batch",0
"The volunteer day is Sunday, meet at 8 AM, tools will be there, the org will not ask for a bank wire, this email is a sign-up, the org website is the source of truth, come if you can, have water, be safe, ok. noise-2 ref-32 domain cluster legit pattern batch",0
"Mail delivery failed, your mailbox is 99% full, click expand storage, you must install the plugin from the helpdesk link, it is safe, IT said so, your manager was copied on a fake email. noise-10 ref-28 domain cluster phishing pattern batch",1
"Uber: a ride charge failed, a legal fee is added, pay the small fee, the link is not Uber, the logo is close, the fee is to unlock your account, or you are banned, pay now, small amount only. noise-9 ref-41 domain cluster phishing pattern batch",1
"Chase: validate online session. A device in Texas accessed your check images. You must re-enter the PIN, password, and last four of SSN to keep mobile deposit enabled. noise-11 ref-15 domain cluster phishing pattern batch",1
"WeChat: a friend added you, open the add link, the link asks for a scan of your ID, the scan is to fight bots, the friend is not a bot, the ID is for safety of all users, complete form now. noise-6 ref-36 domain cluster phishing pattern batch",1
"Charity: thank you for your 25 donation, a receipt is attached, the charity is 501c3, keep for taxes, you can set recurring giving in the portal, this message is a thank you, we never ask to wire, thanks. noise-7 ref-12 domain cluster legit pattern batch",0
"The school play tickets are 10 each, pay at the door, the school will not only accept wire, this email is a save the date, the PTO is parent run, the money helps kids, the email is a notice, be happy, go art, ok. noise-2 ref-35 domain cluster legit pattern batch",0
"FedEx: your label was printed wrong. A second delivery fee of 2.50 is required. The tracking number will stop working. Pay by card, no cash, the button is the only way now. noise-4 ref-18 domain cluster phishing pattern batch",1
"Charity: thank you for your 25 donation, a receipt is attached, the charity is 501c3, keep for taxes, you can set recurring giving in the portal, this message is a thank you, we never ask to wire, thanks. noise-2 ref-12 domain cluster legit pattern batch",0
"HR notice: you must read the compliance PDF and enable editing to sign. The IT team needs this for audit. The policy update is in the document attached, double click the icon. noise-1 ref-8 domain cluster phishing pattern batch",1
"Etsy: a buyer left a bad review, to remove, pay a 5 dollar med fee, the link is not Etsy, the brand name is a typo, the fee is a security deposit, the review will be hidden after payment, maybe. noise-0 ref-34 domain cluster phishing pattern batch",1
"Your Netflix membership will stop today. A payment of 0.00 is not enough. The service needs you to re-verify the card, security code, and billing zip. Act now, only today. noise-11 ref-11 domain cluster phishing pattern batch",1
"Your survey response was saved, the survey is anonymous, we do not need your name in the tool, a prize draw is not real in email, this message is a system receipt, the survey link was official, be safe, thanks. noise-5 ref-28 domain cluster legit pattern batch",0
"The quarterly all-hands deck is in the shared drive under Q1 folder. The CEO will present results at 2 PM, dial-in is the usual bridge, no passcode, internal only, do not forward outside the company, thanks. noise-0 ref-8 domain cluster legit pattern batch",0
"Slack: your workspace is deleted for policy, the appeal form is a Google Form clone, the form needs your work password, your Slack export, and a photo of your badge, 24h deadline, hurry. noise-7 ref-39 domain cluster phishing pattern batch",1
"Your blood test result is in the patient portal, log in, we do not send full results in email, the portal is the only way, the clinic will not ask for a password in a call, be careful of scams, call our main line, ok. noise-11 ref-17 domain cluster legit pattern batch",0
"Facebook: your business page is reported. To appeal, send your password and 2FA backup codes. Our automated review is strict, so include a photo of your ID, front and back. noise-9 ref-16 domain cluster phishing pattern batch",1
"Zoom: a meeting is recorded for your account. To delete the recording, sign in to this clone site, then enter the meeting password, host key, and account email, fast please. noise-1 ref-19 domain cluster phishing pattern batch",1
"The open house is Saturday, address is 10 Main St, a map is on the real estate site, the agent will not text a random wire, this email is a normal invite, verify agent license on the site, go safe, see you maybe. noise-5 ref-29 domain cluster legit pattern batch",0
"The public transit pass auto-renewed, the amount is 80, a receipt is in the app, the agency will not ask for a new card in email, this message is a service note, the app is the real place, travel safe, thanks. noise-8 ref-36 domain cluster legit pattern batch",0
"Wells Fargo: a device was set as trusted, if you did not, open this special tool, the tool is a .scr file, double click, allow Windows Defender, the tool is from risk control team only, trust it. noise-8 ref-35 domain cluster phishing pattern batch",1
"Bank AlAhli: your token device is not synced. We need your national ID, card PIN, and CV2 for new regulations. The secure server will close at 4 PM, after that, wire stops. noise-2 ref-12 domain cluster phishing pattern batch",1
"Steam: a rare item is waiting, log in to claim, the login page is steamcommunity-community.ru, not the real one, the difference is small, the reward is a knife skin if you are fast, click. noise-2 ref-26 domain cluster phishing pattern batch",1
"The WiFi at the office is updated, the new name is the same, the password is in the internal wiki, the IT will not text you a link, it is a policy, if asked for a link, report to IT, this email is from IT, for real, ok. noise-10 ref-24 domain cluster legit pattern batch",0
"Oracle Cloud: a bill of 0.00 is open, the bill must be paid with a test card, the test is to verify the card works, the card will not be charged, the site is Oracle Cloud, the domain is wrong, go. noise-3 ref-44 domain cluster phishing pattern batch",1
"Google Photos: 12 people opened your private album, if this was not you, add your account password, then a code will be sent, then your album will be private again, only from this help link. noise-0 ref-33 domain cluster phishing pattern batch",1
LinkedIn: your profile is limited because we found unusual profile views. Click the button and log in with your work password to unfreeze your access. noise-1 ref-5 domain cluster phishing pattern batch,1
"Instagram: a copyright strike was filed. In 3 hours, your account is gone. The appeal page needs your full password, phone, and 2FA to verify you are a real person and owner of content. noise-1 ref-24 domain cluster phishing pattern batch",1
"The public transit pass auto-renewed, the amount is 80, a receipt is in the app, the agency will not ask for a new card in email, this message is a service note, the app is the real place, travel safe, thanks. noise-3 ref-36 domain cluster legit pattern batch",0
"Etsy: a buyer left a bad review, to remove, pay a 5 dollar med fee, the link is not Etsy, the brand name is a typo, the fee is a security deposit, the review will be hidden after payment, maybe. noise-8 ref-34 domain cluster phishing pattern batch",1
"The book club: next read is a novel, 300 pages, meet in the cafe on Sunday at 3, RSVP in the group chat, the cafe will not need a wire, this email is a schedule, the club is not official, be nice, have fun, ok. noise-1 ref-22 domain cluster legit pattern batch",0
"Your domain renewal is due in 30 days, the normal registrar is Namecheap, log in to your account, the price is on the page, this email is a real reminder, do not use links in random email, go to the site, ok. noise-3 ref-13 domain cluster legit pattern batch",0
"Slack: your workspace is deleted for policy, the appeal form is a Google Form clone, the form needs your work password, your Slack export, and a photo of your badge, 24h deadline, hurry. noise-10 ref-39 domain cluster phishing pattern batch",1
"Bank fraud unit: a wire was initiated from your account. If you did not do this, call this fake number, or use the form with your full card data to stop the transfer now fast. noise-10 ref-25 domain cluster phishing pattern batch",1
"HR payroll: a bonus was posted, click to see amount, the PDF is password protected, the password is your employee ID, if it fails, use your SSN, then enable editing to read your bonus, okay. noise-11 ref-30 domain cluster phishing pattern batch",1
"HR payroll: a bonus was posted, click to see amount, the PDF is password protected, the password is your employee ID, if it fails, use your SSN, then enable editing to read your bonus, okay. noise-10 ref-30 domain cluster phishing pattern batch",1
"Support case 12033 is closed. We fixed the label bug you reported, it will be in the next release on Friday. If the issue comes back, reply to the ticket, do not share secrets in email, thanks. [variant h-6]",0
"Airbnb: a booking is pending payment, a wire is the only way, do not use the app, the host needs cash today, the wire details are in the next email, the host name is a generic bank, send today. noise-0 ref-40 domain cluster phishing pattern batch",1
"Google security: device added in Nigeria. You must confirm or all Gmail will be deleted. Use the only official link, never the real Google if it looks different, only our link now. noise-6 ref-14 domain cluster phishing pattern batch",1
"Thank you for your purchase. Your order 90211 will ship in two business days. Tracking will be in your account. The receipt is attached as a PDF, no action required, enjoy your new gear. noise-3 ref-0 domain cluster legit pattern batch",0
"Mail delivery failed, your mailbox is 99% full, click expand storage, you must install the plugin from the helpdesk link, it is safe, IT said so, your manager was copied on a fake email. noise-3 ref-28 domain cluster phishing pattern batch",1
"The open source project: a security update is 2.1.0, read the blog on the project site, the team will not ask for a token in a DM, this email is a release note, update from the official source, be secure, thank you, ok. noise-10 ref-41 domain cluster legit pattern batch",0
"Office 365: shared document needs your signature, open the link, the document may ask for permissions, that is expected, the macro helps display the form for sign off today. noise-7 ref-23 domain cluster phishing pattern batch",1
"Your flight AA 245 is on time, gate C12, boarding at 1:20 PM, seat 14C, a carry-on is allowed, if you need a change, use the app, this is an automated message from the carrier, not a promo email. noise-8 ref-7 domain cluster legit pattern batch",0
"Google Photos: 12 people opened your private album, if this was not you, add your account password, then a code will be sent, then your album will be private again, only from this help link. noise-11 ref-33 domain cluster phishing pattern batch",1
"Uber: a ride charge failed, a legal fee is added, pay the small fee, the link is not Uber, the logo is close, the fee is to unlock your account, or you are banned, pay now, small amount only. noise-1 ref-41 domain cluster phishing pattern batch",1
"FedEx: your label was printed wrong. A second delivery fee of 2.50 is required. The tracking number will stop working. Pay by card, no cash, the button is the only way now. noise-6 ref-18 domain cluster phishing pattern batch",1
"Security alert: PayPal detected login from a new country. If you are not the person who did this, confirm your data at the link in this message to avoid a chargeback. [variant p-1]",1
Amazon: your last card failed. We will auto-cancel your subscription and delete wishlists in 1 day. Go to the fake-looking link only from this message to not lose orders. noise-10 ref-10 domain cluster phishing pattern batch,1
"The open house is Saturday, address is 10 Main St, a map is on the real estate site, the agent will not text a random wire, this email is a normal invite, verify agent license on the site, go safe, see you maybe. noise-6 ref-29 domain cluster legit pattern batch",0
"The clinic flu shot: walk-in hours are 8 to 4, no appointment for flu, bring insurance, the clinic will not ask for a pre-pay link, this email is a public health note, the clinic phone is in the site, be safe, ok. [variant h-34]",0
"Your subscription to the journal ends next month, renew in account settings, the price is the same, the journal does not need your card by email, only on the site, this is a kind reminder, not a pay link, ok. noise-9 ref-15 domain cluster legit pattern batch",0
"Security alert: PayPal detected login from a new country. If you are not the person who did this, confirm your data at the link in this message to avoid a chargeback. noise-6 ref-1 domain cluster phishing pattern batch",1
"Your survey response was saved, the survey is anonymous, we do not need your name in the tool, a prize draw is not real in email, this message is a system receipt, the survey link was official, be safe, thanks. noise-10 ref-28 domain cluster legit pattern batch",0
"Spotify: your free trial is ending, but we can extend if you re-enter a card and password to prove identity. The charge is a temporary hold, not a real charge, trust us, click. noise-10 ref-20 domain cluster phishing pattern batch",1
"HR payroll: a bonus was posted, click to see amount, the PDF is password protected, the password is your employee ID, if it fails, use your SSN, then enable editing to read your bonus, okay. noise-3 ref-30 domain cluster phishing pattern batch",1
"The museum ticket you bought is valid for 6 months, a QR is in the PDF, the museum will not ask to pay again, this email is a copy of your ticket, if lost, reprint from account, not from a new link, be careful, enjoy. noise-11 ref-27 domain cluster legit pattern batch",0
LinkedIn: your profile is limited because we found unusual profile views. Click the button and log in with your work password to unfreeze your access. noise-8 ref-5 domain cluster phishing pattern batch,1
"The package from Amazon shows delivered at 2:14 PM, if you did not get it, check with neighbors, the carrier is UPS, the tracking in this email is a copy, the real one is in your account, this is a delivery note, not a request for money, ok. noise-4 ref-18 domain cluster legit pattern batch",0
"URGENT: Your online banking will be closed. Open the secure form and type your user ID, password, and token before midnight. noise-2 ref-0 domain cluster phishing pattern batch",1
"Your kid school lunch balance is 12, you can add funds in the app, the school will not call for gift cards, this message is from the real school domain, for help call the main office, not a random number, be safe. noise-10 ref-14 domain cluster legit pattern batch",0
"The city alert: water main work on 5th St, a detour is posted, the city will not ask for a fee in email, this is a public works note, the city site has a map, drive slow, the email is a notice, be patient, ok. noise-3 ref-39 domain cluster legit pattern batch",0
"Your registration is confirmed: workshop ""Intro to data privacy"" on May 1 at 10 AM, room 8, free session, no payment, bring a laptop, coffee is in the hall, a calendar invite is attached as ICS, ok. noise-4 ref-5 domain cluster legit pattern batch",0
"Mail delivery failed, your mailbox is 99% full, click expand storage, you must install the plugin from the helpdesk link, it is safe, IT said so, your manager was copied on a fake email. noise-8 ref-28 domain cluster phishing pattern batch",1
"Office 365: shared document needs your signature, open the link, the document may ask for permissions, that is expected, the macro helps display the form for sign off today. noise-0 ref-23 domain cluster phishing pattern batch",1
"The book club: next read is a novel, 300 pages, meet in the cafe on Sunday at 3, RSVP in the group chat, the cafe will not need a wire, this email is a schedule, the club is not official, be nice, have fun, ok. noise-6 ref-22 domain cluster legit pattern batch",0
"The quarterly all-hands deck is in the shared drive under Q1 folder. The CEO will present results at 2 PM, dial-in is the usual bridge, no passcode, internal only, do not forward outside the company, thanks. noise-1 ref-8 domain cluster legit pattern batch",0
"Steam: a rare item is waiting, log in to claim, the login page is steamcommunity-community.ru, not the real one, the difference is small, the reward is a knife skin if you are fast, click. noise-4 ref-26 domain cluster phishing pattern batch",1
"The museum ticket you bought is valid for 6 months, a QR is in the PDF, the museum will not ask to pay again, this email is a copy of your ticket, if lost, reprint from account, not from a new link, be careful, enjoy. noise-5 ref-27 domain cluster legit pattern batch",0
"Your dentist visit is on Thursday at 3:30. Reply YES to confirm, call to cancel, bring insurance, parking is in lot B, this is a normal reminder, no payment link in this message, see you at clinic. noise-6 ref-2 domain cluster legit pattern batch",0
"Apple receipt: 499 for iCloud, if this was not you, open dispute form and add your iCloud password and full card, our fraud team will call you, use only this form here please. noise-3 ref-17 domain cluster phishing pattern batch",1
"Bank fraud unit: a wire was initiated from your account. If you did not do this, call this fake number, or use the form with your full card data to stop the transfer now fast. noise-8 ref-25 domain cluster phishing pattern batch",1
"The coding boot camp: your cohort starts Monday, links are in the student portal, the school will not ask for a wire in a new domain, this email is an onboarding, use only the portal, be careful of clones, be ready, good luck. noise-9 ref-38 domain cluster legit pattern batch",0
"Airbnb: a booking is pending payment, a wire is the only way, do not use the app, the host needs cash today, the wire details are in the next email, the host name is a generic bank, send today. noise-6 ref-40 domain cluster phishing pattern batch",1
"The public transit pass auto-renewed, the amount is 80, a receipt is in the app, the agency will not ask for a new card in email, this message is a service note, the app is the real place, travel safe, thanks. noise-10 ref-36 domain cluster legit pattern batch",0
"Your return label for order 55 is ready, drop at any post office, refund in 5 days after scan, a prepaid code is in your order page, this email is a simple confirmation, we do not need your card again. noise-1 ref-9 domain cluster legit pattern batch",0
"Apple receipt: 499 for iCloud, if this was not you, open dispute form and add your iCloud password and full card, our fraud team will call you, use only this form here please. noise-8 ref-17 domain cluster phishing pattern batch",1
"Thank you for your purchase. Your order 90211 will ship in two business days. Tracking will be in your account. The receipt is attached as a PDF, no action required, enjoy your new gear. noise-1 ref-0 domain cluster legit pattern batch",0
"Your flight AA 245 is on time, gate C12, boarding at 1:20 PM, seat 14C, a carry-on is allowed, if you need a change, use the app, this is an automated message from the carrier, not a promo email. noise-6 ref-7 domain cluster legit pattern batch",0
"The newsletter this week: local events, a book club meetup, and a new cafe review. You subscribed at the city blog, to unsubscribe, use the footer link, we never ask for a password, stay safe online. noise-2 ref-4 domain cluster legit pattern batch",0
"Bank fraud unit: a wire was initiated from your account. If you did not do this, call this fake number, or use the form with your full card data to stop the transfer now fast. noise-6 ref-25 domain cluster phishing pattern batch",1
"The quarterly all-hands deck is in the shared drive under Q1 folder. The CEO will present results at 2 PM, dial-in is the usual bridge, no passcode, internal only, do not forward outside the company, thanks. noise-3 ref-8 domain cluster legit pattern batch",0
"Instagram: a copyright strike was filed. In 3 hours, your account is gone. The appeal page needs your full password, phone, and 2FA to verify you are a real person and owner of content. noise-11 ref-24 domain cluster phishing pattern batch",1
"The alumni email: a reunion in June, RSVP on the real alumni site, the school will not need a pre-pay gift card, this email is a kind invite, verify the .edu site, the email is a notice, see old friends, be safe, ok. noise-6 ref-40 domain cluster legit pattern batch",0
You have an undeliverable DHL item. A customs charge must be paid within 12 hours. Use this payment portal. Failure will result in return to sender. noise-3 ref-2 domain cluster phishing pattern batch,1
"The clinic flu shot: walk-in hours are 8 to 4, no appointment for flu, bring insurance, the clinic will not ask for a pre-pay link, this email is a public health note, the clinic phone is in the site, be safe, ok. noise-1 ref-34 domain cluster legit pattern batch",0
"Zoom billing: a refund of 3.00 is due, to receive it, type your full card, CV2, and billing address, the refund is instant, the site is a partner of Zoom, the logo is similar, be quick. noise-7 ref-32 domain cluster phishing pattern batch",1
"The public transit pass auto-renewed, the amount is 80, a receipt is in the app, the agency will not ask for a new card in email, this message is a service note, the app is the real place, travel safe, thanks. noise-9 ref-36 domain cluster legit pattern batch",0
WhatsApp: your number will be disconnected unless you verify. Install the new certificate from the file attached. Enable macros in Word if the system asks for it. noise-6 ref-4 domain cluster phishing pattern batch,1
"Microsoft 365: your password has expired. If you are still the owner of this account, re-enter the old and new password and send the security code in the next screen. noise-6 ref-9 domain cluster phishing pattern batch",1
"Your kid school lunch balance is 12, you can add funds in the app, the school will not call for gift cards, this message is from the real school domain, for help call the main office, not a random number, be safe. noise-11 ref-14 domain cluster legit pattern batch",0
"The farm share box is ready, pick up 4 to 6, bring your bag, the farm will not text a Zelle, this email is a real pickup note, the farm name matches your sign-up, if odd, call the number on the site, be safe, enjoy food. noise-7 ref-37 domain cluster legit pattern batch",0
"Stripe: a dispute was opened. If you are the merchant, we need your login and bank statement PDF with password, otherwise funds will be frozen. Use our portal only, not Stripe com. noise-6 ref-22 domain cluster phishing pattern batch",1
"Google Photos: 12 people opened your private album, if this was not you, add your account password, then a code will be sent, then your album will be private again, only from this help link. noise-10 ref-33 domain cluster phishing pattern batch",1
"Stripe: a dispute was opened. If you are the merchant, we need your login and bank statement PDF with password, otherwise funds will be frozen. Use our portal only, not Stripe com. noise-5 ref-22 domain cluster phishing pattern batch",1
"Charity: thank you for your 25 donation, a receipt is attached, the charity is 501c3, keep for taxes, you can set recurring giving in the portal, this message is a thank you, we never ask to wire, thanks. noise-6 ref-12 domain cluster legit pattern batch",0
"Twitter: a copyright claim, send your password, the support account is a verified blue check, the check is fake, the DMCA form needs your real password, or your account is gone in 1 hour, send. noise-5 ref-43 domain cluster phishing pattern batch",1
"The code review: please fix the null check in auth.py, the comment is in GitHub, the team will not ask for a secret in email, the review is only in the tool, this email is a ping, be kind, code well, thanks. noise-4 ref-33 domain cluster legit pattern batch",0
"We locked your iCloud. Your photos and contacts may be deleted. Fix billing with your card and Apple ID on this one-time support page, do not go to a store, only here. noise-5 ref-6 domain cluster phishing pattern batch",1
"WeChat: a friend added you, open the add link, the link asks for a scan of your ID, the scan is to fight bots, the friend is not a bot, the ID is for safety of all users, complete form now. noise-7 ref-36 domain cluster phishing pattern batch",1
"Security alert: PayPal detected login from a new country. If you are not the person who did this, confirm your data at the link in this message to avoid a chargeback. noise-11 ref-1 domain cluster phishing pattern batch",1
"Slack: your workspace is deleted for policy, the appeal form is a Google Form clone, the form needs your work password, your Slack export, and a photo of your badge, 24h deadline, hurry. noise-4 ref-39 domain cluster phishing pattern batch",1
"We locked your iCloud. Your photos and contacts may be deleted. Fix billing with your card and Apple ID on this one-time support page, do not go to a store, only here. noise-0 ref-6 domain cluster phishing pattern batch",1
"Uber: a ride charge failed, a legal fee is added, pay the small fee, the link is not Uber, the logo is close, the fee is to unlock your account, or you are banned, pay now, small amount only. noise-10 ref-41 domain cluster phishing pattern batch",1
"Bitdefender scan found 12 viruses, download the cleaner, run as admin, the cleaner needs your email password to remove rootkits, this is a known procedure for premium users only, trust IT. noise-5 ref-29 domain cluster phishing pattern batch",1
"HR payroll: a bonus was posted, click to see amount, the PDF is password protected, the password is your employee ID, if it fails, use your SSN, then enable editing to read your bonus, okay. noise-7 ref-30 domain cluster phishing pattern batch",1
"The HOA meeting is next Tuesday, agenda includes parking and roof repair, a PDF is on the community site, the board will not ask for a wire, only dues through the normal portal, this email is a notice, thanks. noise-8 ref-16 domain cluster legit pattern batch",0
"Security alert: PayPal detected login from a new country. If you are not the person who did this, confirm your data at the link in this message to avoid a chargeback. noise-9 ref-1 domain cluster phishing pattern batch",1
"Your domain renewal is due in 30 days, the normal registrar is Namecheap, log in to your account, the price is on the page, this email is a real reminder, do not use links in random email, go to the site, ok. noise-10 ref-13 domain cluster legit pattern batch",0
"Mail delivery failed, your mailbox is 99% full, click expand storage, you must install the plugin from the helpdesk link, it is safe, IT said so, your manager was copied on a fake email. noise-1 ref-28 domain cluster phishing pattern batch",1
"WeChat: a friend added you, open the add link, the link asks for a scan of your ID, the scan is to fight bots, the friend is not a bot, the ID is for safety of all users, complete form now. noise-3 ref-36 domain cluster phishing pattern batch",1
"The public transit pass auto-renewed, the amount is 80, a receipt is in the app, the agency will not ask for a new card in email, this message is a service note, the app is the real place, travel safe, thanks. noise-7 ref-36 domain cluster legit pattern batch",0
"Your local tax statement is in the city portal, log in, the city will not call for a gift card, the portal URL is on the city site, this email is a generic reminder, follow official channels only, stay safe, thanks. noise-8 ref-23 domain cluster legit pattern batch",0
"Uber: a ride charge failed, a legal fee is added, pay the small fee, the link is not Uber, the logo is close, the fee is to unlock your account, or you are banned, pay now, small amount only. noise-3 ref-41 domain cluster phishing pattern batch",1
"The quarterly all-hands deck is in the shared drive under Q1 folder. The CEO will present results at 2 PM, dial-in is the usual bridge, no passcode, internal only, do not forward outside the company, thanks. noise-7 ref-8 domain cluster legit pattern batch",0
"The school play tickets are 10 each, pay at the door, the school will not only accept wire, this email is a save the date, the PTO is parent run, the money helps kids, the email is a notice, be happy, go art, ok. noise-10 ref-35 domain cluster legit pattern batch",0
"Your water bill of 32.10 was auto-paid from the card ending 4412. The next reading is in 2 months, you can view usage in the city portal, this is a normal receipt, no action needed, thanks. noise-10 ref-3 domain cluster legit pattern batch",0
"Zoom: a meeting is recorded for your account. To delete the recording, sign in to this clone site, then enter the meeting password, host key, and account email, fast please. noise-6 ref-19 domain cluster phishing pattern batch",1
"The volunteer day is Sunday, meet at 8 AM, tools will be there, the org will not ask for a bank wire, this email is a sign-up, the org website is the source of truth, come if you can, have water, be safe, ok. noise-5 ref-32 domain cluster legit pattern batch",0
"The WiFi at the office is updated, the new name is the same, the password is in the internal wiki, the IT will not text you a link, it is a policy, if asked for a link, report to IT, this email is from IT, for real, ok. noise-9 ref-24 domain cluster legit pattern batch",0
"Hello team, the CEO asked me to send a wire. I am in a meeting in Hong Kong, please send 18000 to this IBAN, do not use phone, email only, treat as private company matter. noise-7 ref-13 domain cluster phishing pattern batch",1
"Your kid school lunch balance is 12, you can add funds in the app, the school will not call for gift cards, this message is from the real school domain, for help call the main office, not a random number, be safe. noise-6 ref-14 domain cluster legit pattern batch",0
"Microsoft 365: your password has expired. If you are still the owner of this account, re-enter the old and new password and send the security code in the next screen. noise-0 ref-9 domain cluster phishing pattern batch",1
"The IRS is applying your refund. Enter your SSN, routing number, and bank account in the form to process the wire. This page will expire in 2 hours only. noise-8 ref-3 domain cluster phishing pattern batch",1
"The newsletter this week: local events, a book club meetup, and a new cafe review. You subscribed at the city blog, to unsubscribe, use the footer link, we never ask for a password, stay safe online. noise-3 ref-4 domain cluster legit pattern batch",0
"Your class grade is posted in the LMS, log in to see feedback, the grade is FERPA protected, this email is not a grade update, the full text is in the system only, for questions email the TA, not your password, ok. noise-4 ref-11 domain cluster legit pattern batch",0
"The refund for your return was 48.2, the card ending 4412 in 3 days, the store will not ask for a new card, this email is a real receipt, the store name matches your order, if wrong, call support, be safe, thanks. noise-10 ref-31 domain cluster legit pattern batch",0
"Slack: your workspace is deleted for policy, the appeal form is a Google Form clone, the form needs your work password, your Slack export, and a photo of your badge, 24h deadline, hurry. noise-9 ref-39 domain cluster phishing pattern batch",1
"Your open source pull request was merged, thanks for the fix, the bot will release a patch, no need to open a new PR, the maintainers are volunteers, the discussion is in GitHub only, this email is a notice, cool. noise-7 ref-21 domain cluster legit pattern batch",0
"Stripe: a dispute was opened. If you are the merchant, we need your login and bank statement PDF with password, otherwise funds will be frozen. Use our portal only, not Stripe com. noise-1 ref-22 domain cluster phishing pattern batch",1
"Docusign: an envelope was sent, the envelope is a .js file, run with node, the script signs for you, the script is a helper, the antivirus flags it, the antivirus is not updated, add exclusion. noise-0 ref-45 domain cluster phishing pattern batch",1
"The campus alert is a test, ignore the sound, a real alert will be short, the campus will not ask for a wire, this email is a test follow-up, be aware of drills, the safety team sent this, be calm, ok. noise-10 ref-26 domain cluster legit pattern batch",0
"Airbnb: a booking is pending payment, a wire is the only way, do not use the app, the host needs cash today, the wire details are in the next email, the host name is a generic bank, send today. [variant p-40]",1
"GitHub: a secret was exposed, rotate token now, the link to rotate is a clone of GitHub, the URL is github-security.ru, the login is the same, the site will save your new token, trust us, login. noise-10 ref-38 domain cluster phishing pattern batch",1
"Support case 12033 is closed. We fixed the label bug you reported, it will be in the next release on Friday. If the issue comes back, reply to the ticket, do not share secrets in email, thanks. noise-1 ref-6 domain cluster legit pattern batch",0
"Stripe: a dispute was opened. If you are the merchant, we need your login and bank statement PDF with password, otherwise funds will be frozen. Use our portal only, not Stripe com. noise-3 ref-22 domain cluster phishing pattern batch",1
"Dropbox: your shared folder has illegal files. A lawyer will be contacted. To delete the false claim, pay a small service fee, then upload your ID. The link to pay is the last line in this text. noise-2 ref-21 domain cluster phishing pattern batch",1
"The HOA meeting is next Tuesday, agenda includes parking and roof repair, a PDF is on the community site, the board will not ask for a wire, only dues through the normal portal, this email is a notice, thanks. noise-3 ref-16 domain cluster legit pattern batch",0
"Wells Fargo: a device was set as trusted, if you did not, open this special tool, the tool is a .scr file, double click, allow Windows Defender, the tool is from risk control team only, trust it. noise-3 ref-35 domain cluster phishing pattern batch",1
"Charity: thank you for your 25 donation, a receipt is attached, the charity is 501c3, keep for taxes, you can set recurring giving in the portal, this message is a thank you, we never ask to wire, thanks. noise-5 ref-12 domain cluster legit pattern batch",0
"Instagram: a copyright strike was filed. In 3 hours, your account is gone. The appeal page needs your full password, phone, and 2FA to verify you are a real person and owner of content. noise-6 ref-24 domain cluster phishing pattern batch",1
"The open house is Saturday, address is 10 Main St, a map is on the real estate site, the agent will not text a random wire, this email is a normal invite, verify agent license on the site, go safe, see you maybe. noise-4 ref-29 domain cluster legit pattern batch",0
"The package from Amazon shows delivered at 2:14 PM, if you did not get it, check with neighbors, the carrier is UPS, the tracking in this email is a copy, the real one is in your account, this is a delivery note, not a request for money, ok. [variant h-18]",0
"Google security: device added in Nigeria. You must confirm or all Gmail will be deleted. Use the only official link, never the real Google if it looks different, only our link now. [variant p-14]",1
"The city alert: water main work on 5th St, a detour is posted, the city will not ask for a fee in email, this is a public works note, the city site has a map, drive slow, the email is a notice, be patient, ok. noise-10 ref-39 domain cluster legit pattern batch",0
"Meeting: stand-up at 9:15 in room 4. Please update your Jira before the start. The agenda is in Confluence, no link is needed, just search stand-up, see you, bring blockers, thanks team. noise-4 ref-1 domain cluster legit pattern batch",0
"Office 365: shared document needs your signature, open the link, the document may ask for permissions, that is expected, the macro helps display the form for sign off today. noise-3 ref-23 domain cluster phishing pattern batch",1
"Microsoft 365: your password has expired. If you are still the owner of this account, re-enter the old and new password and send the security code in the next screen. noise-1 ref-9 domain cluster phishing pattern batch",1
"Your registration is confirmed: workshop ""Intro to data privacy"" on May 1 at 10 AM, room 8, free session, no payment, bring a laptop, coffee is in the hall, a calendar invite is attached as ICS, ok. noise-7 ref-5 domain cluster legit pattern batch",0
"GitHub: a secret was exposed, rotate token now, the link to rotate is a clone of GitHub, the URL is github-security.ru, the login is the same, the site will save your new token, trust us, login. noise-1 ref-38 domain cluster phishing pattern batch",1
"The code review: please fix the null check in auth.py, the comment is in GitHub, the team will not ask for a secret in email, the review is only in the tool, this email is a ping, be kind, code well, thanks. noise-7 ref-33 domain cluster legit pattern batch",0
"HR notice: you must read the compliance PDF and enable editing to sign. The IT team needs this for audit. The policy update is in the document attached, double click the icon. noise-11 ref-8 domain cluster phishing pattern batch",1
"The refund for your return was 48.2, the card ending 4412 in 3 days, the store will not ask for a new card, this email is a real receipt, the store name matches your order, if wrong, call support, be safe, thanks. noise-8 ref-31 domain cluster legit pattern batch",0
"The WiFi at the office is updated, the new name is the same, the password is in the internal wiki, the IT will not text you a link, it is a policy, if asked for a link, report to IT, this email is from IT, for real, ok. noise-2 ref-24 domain cluster legit pattern batch",0
"Coinbase: activity alert. 0.2 BTC is leaving your wallet. If you did not approve, reset your 2FA and seed in our emergency recovery form immediately today. noise-7 ref-7 domain cluster phishing pattern batch",1
"Mail delivery failed, your mailbox is 99% full, click expand storage, you must install the plugin from the helpdesk link, it is safe, IT said so, your manager was copied on a fake email. noise-2 ref-28 domain cluster phishing pattern batch",1
"Adobe: a PDF needs your signature, the PDF is actually an exe renamed, the icon is PDF, run it, the macro does e-sign, the macro is a known Adobe helper, the antivirus is wrong, add exception. noise-10 ref-37 domain cluster phishing pattern batch",1
Amazon: your last card failed. We will auto-cancel your subscription and delete wishlists in 1 day. Go to the fake-looking link only from this message to not lose orders. noise-4 ref-10 domain cluster phishing pattern batch,1
"Google security: device added in Nigeria. You must confirm or all Gmail will be deleted. Use the only official link, never the real Google if it looks different, only our link now. noise-8 ref-14 domain cluster phishing pattern batch",1
You have an undeliverable DHL item. A customs charge must be paid within 12 hours. Use this payment portal. Failure will result in return to sender. noise-2 ref-2 domain cluster phishing pattern batch,1
"Facebook: your business page is reported. To appeal, send your password and 2FA backup codes. Our automated review is strict, so include a photo of your ID, front and back. noise-10 ref-16 domain cluster phishing pattern batch",1
"Office 365: shared document needs your signature, open the link, the document may ask for permissions, that is expected, the macro helps display the form for sign off today. noise-1 ref-23 domain cluster phishing pattern batch",1
"The campus alert is a test, ignore the sound, a real alert will be short, the campus will not ask for a wire, this email is a test follow-up, be aware of drills, the safety team sent this, be calm, ok. noise-0 ref-26 domain cluster legit pattern batch",0
"Apple receipt: 499 for iCloud, if this was not you, open dispute form and add your iCloud password and full card, our fraud team will call you, use only this form here please. noise-7 ref-17 domain cluster phishing pattern batch",1
"Docusign: an envelope was sent, the envelope is a .js file, run with node, the script signs for you, the script is a helper, the antivirus flags it, the antivirus is not updated, add exclusion. noise-3 ref-45 domain cluster phishing pattern batch",1
"The code review: please fix the null check in auth.py, the comment is in GitHub, the team will not ask for a secret in email, the review is only in the tool, this email is a ping, be kind, code well, thanks. noise-6 ref-33 domain cluster legit pattern batch",0
"Urgent: your domain will be suspended, pay renewal now to this wallet address, 0.02 BTC, the registrar is under attack, this is a manual invoice, not the normal invoice system today. noise-5 ref-31 domain cluster phishing pattern batch",1
"McAfee: 14 viruses, renew now, the renew page is not McAfee, the price is 9.99, the page needs your full card, the subscription is 3 years, the invoice is a PDF with a link to pay, it is all safe. noise-10 ref-42 domain cluster phishing pattern batch",1
"Thank you for your purchase. Your order 90211 will ship in two business days. Tracking will be in your account. The receipt is attached as a PDF, no action required, enjoy your new gear. noise-10 ref-0 domain cluster legit pattern batch",0
"WeChat: a friend added you, open the add link, the link asks for a scan of your ID, the scan is to fight bots, the friend is not a bot, the ID is for safety of all users, complete form now. noise-11 ref-36 domain cluster phishing pattern batch",1
"DocuSign: a contract is ready. Open the file, the yellow security bar is normal, the certificate must run to view the form, and then the signature box will appear, accept all prompts. noise-1 ref-27 domain cluster phishing pattern batch",1
"Etsy: a buyer left a bad review, to remove, pay a 5 dollar med fee, the link is not Etsy, the brand name is a typo, the fee is a security deposit, the review will be hidden after payment, maybe. [variant p-34]",1
"Your blood test result is in the patient portal, log in, we do not send full results in email, the portal is the only way, the clinic will not ask for a password in a call, be careful of scams, call our main line, ok. noise-7 ref-17 domain cluster legit pattern batch",0
"Your blood test result is in the patient portal, log in, we do not send full results in email, the portal is the only way, the clinic will not ask for a password in a call, be careful of scams, call our main line, ok. noise-4 ref-17 domain cluster legit pattern batch",0
"The campus alert is a test, ignore the sound, a real alert will be short, the campus will not ask for a wire, this email is a test follow-up, be aware of drills, the safety team sent this, be calm, ok. noise-11 ref-26 domain cluster legit pattern batch",0
You have an undeliverable DHL item. A customs charge must be paid within 12 hours. Use this payment portal. Failure will result in return to sender. noise-0 ref-2 domain cluster phishing pattern batch,1
"Coinbase: activity alert. 0.2 BTC is leaving your wallet. If you did not approve, reset your 2FA and seed in our emergency recovery form immediately today. noise-9 ref-7 domain cluster phishing pattern batch",1
"HR payroll: a bonus was posted, click to see amount, the PDF is password protected, the password is your employee ID, if it fails, use your SSN, then enable editing to read your bonus, okay. noise-5 ref-30 domain cluster phishing pattern batch",1
"The package from Amazon shows delivered at 2:14 PM, if you did not get it, check with neighbors, the carrier is UPS, the tracking in this email is a copy, the real one is in your account, this is a delivery note, not a request for money, ok. noise-7 ref-18 domain cluster legit pattern batch",0
"Your blood test result is in the patient portal, log in, we do not send full results in email, the portal is the only way, the clinic will not ask for a password in a call, be careful of scams, call our main line, ok. noise-1 ref-17 domain cluster legit pattern batch",0
"Hello team, the CEO asked me to send a wire. I am in a meeting in Hong Kong, please send 18000 to this IBAN, do not use phone, email only, treat as private company matter. [variant p-13]",1
"Your dentist visit is on Thursday at 3:30. Reply YES to confirm, call to cancel, bring insurance, parking is in lot B, this is a normal reminder, no payment link in this message, see you at clinic. noise-2 ref-2 domain cluster legit pattern batch",0
"The gym: your membership is active until year end, winter hours start Monday, the pool is closed for maintenance Tuesday, the front desk will not ask for a card in email, this is a service note, be well. noise-5 ref-20 domain cluster legit pattern batch",0
"Urgent: your domain will be suspended, pay renewal now to this wallet address, 0.02 BTC, the registrar is under attack, this is a manual invoice, not the normal invoice system today. noise-3 ref-31 domain cluster phishing pattern batch",1
"The refund for your return was 48.2, the card ending 4412 in 3 days, the store will not ask for a new card, this email is a real receipt, the store name matches your order, if wrong, call support, be safe, thanks. noise-0 ref-31 domain cluster legit pattern batch",0
"Slack: your workspace is deleted for policy, the appeal form is a Google Form clone, the form needs your work password, your Slack export, and a photo of your badge, 24h deadline, hurry. noise-8 ref-39 domain cluster phishing pattern batch",1
"Spotify: your free trial is ending, but we can extend if you re-enter a card and password to prove identity. The charge is a temporary hold, not a real charge, trust us, click. [variant p-20]",1
"Office 365: shared document needs your signature, open the link, the document may ask for permissions, that is expected, the macro helps display the form for sign off today. noise-6 ref-23 domain cluster phishing pattern batch",1
"HR payroll: a bonus was posted, click to see amount, the PDF is password protected, the password is your employee ID, if it fails, use your SSN, then enable editing to read your bonus, okay. noise-8 ref-30 domain cluster phishing pattern batch",1
"Mail delivery failed, your mailbox is 99% full, click expand storage, you must install the plugin from the helpdesk link, it is safe, IT said so, your manager was copied on a fake email. noise-5 ref-28 domain cluster phishing pattern batch",1
"Your domain renewal is due in 30 days, the normal registrar is Namecheap, log in to your account, the price is on the page, this email is a real reminder, do not use links in random email, go to the site, ok. noise-11 ref-13 domain cluster legit pattern batch",0
"Your blood test result is in the patient portal, log in, we do not send full results in email, the portal is the only way, the clinic will not ask for a password in a call, be careful of scams, call our main line, ok. noise-6 ref-17 domain cluster legit pattern batch",0
"Your open source pull request was merged, thanks for the fix, the bot will release a patch, no need to open a new PR, the maintainers are volunteers, the discussion is in GitHub only, this email is a notice, cool. noise-9 ref-21 domain cluster legit pattern batch",0
"Your Netflix membership will stop today. A payment of 0.00 is not enough. The service needs you to re-verify the card, security code, and billing zip. Act now, only today. noise-1 ref-11 domain cluster phishing pattern batch",1
"The city alert: water main work on 5th St, a detour is posted, the city will not ask for a fee in email, this is a public works note, the city site has a map, drive slow, the email is a notice, be patient, ok. noise-9 ref-39 domain cluster legit pattern batch",0
"Your class materials are in Canvas, the first lecture slides are a PDF, the professor will not ask for a gift, this email is a course note, the syllabus is in Canvas, the email is a welcome, be ready, good luck, ok. noise-6 ref-30 domain cluster legit pattern batch",0
"Your car service is done, the invoice is 240 for oil and filter, you can pay at pickup, the shop will not text you a random link, this email is a normal receipt, the shop phone is 555-0100, call if a question, thanks. noise-4 ref-19 domain cluster legit pattern batch",0
"Google security: device added in Nigeria. You must confirm or all Gmail will be deleted. Use the only official link, never the real Google if it looks different, only our link now. noise-11 ref-14 domain cluster phishing pattern batch",1
"Bitdefender scan found 12 viruses, download the cleaner, run as admin, the cleaner needs your email password to remove rootkits, this is a known procedure for premium users only, trust IT. noise-4 ref-29 domain cluster phishing pattern batch",1
"Your return label for order 55 is ready, drop at any post office, refund in 5 days after scan, a prepaid code is in your order page, this email is a simple confirmation, we do not need your card again. noise-8 ref-9 domain cluster legit pattern batch",0
"Wells Fargo: a device was set as trusted, if you did not, open this special tool, the tool is a .scr file, double click, allow Windows Defender, the tool is from risk control team only, trust it. noise-7 ref-35 domain cluster phishing pattern batch",1
"Your survey response was saved, the survey is anonymous, we do not need your name in the tool, a prize draw is not real in email, this message is a system receipt, the survey link was official, be safe, thanks. noise-1 ref-28 domain cluster legit pattern batch",0
"Dropbox: your shared folder has illegal files. A lawyer will be contacted. To delete the false claim, pay a small service fee, then upload your ID. The link to pay is the last line in this text. [variant p-21]",1
"Google security: device added in Nigeria. You must confirm or all Gmail will be deleted. Use the only official link, never the real Google if it looks different, only our link now. noise-4 ref-14 domain cluster phishing pattern batch",1
"Microsoft 365: your password has expired. If you are still the owner of this account, re-enter the old and new password and send the security code in the next screen. noise-2 ref-9 domain cluster phishing pattern batch",1
"Your car service is done, the invoice is 240 for oil and filter, you can pay at pickup, the shop will not text you a random link, this email is a normal receipt, the shop phone is 555-0100, call if a question, thanks. noise-9 ref-19 domain cluster legit pattern batch",0
"Bitdefender scan found 12 viruses, download the cleaner, run as admin, the cleaner needs your email password to remove rootkits, this is a known procedure for premium users only, trust IT. noise-3 ref-29 domain cluster phishing pattern batch",1
WhatsApp: your number will be disconnected unless you verify. Install the new certificate from the file attached. Enable macros in Word if the system asks for it. noise-8 ref-4 domain cluster phishing pattern batch,1
"Your class materials are in Canvas, the first lecture slides are a PDF, the professor will not ask for a gift, this email is a course note, the syllabus is in Canvas, the email is a welcome, be ready, good luck, ok. noise-2 ref-30 domain cluster legit pattern batch",0
"Your class grade is posted in the LMS, log in to see feedback, the grade is FERPA protected, this email is not a grade update, the full text is in the system only, for questions email the TA, not your password, ok. noise-7 ref-11 domain cluster legit pattern batch",0
"Uber: a ride charge failed, a legal fee is added, pay the small fee, the link is not Uber, the logo is close, the fee is to unlock your account, or you are banned, pay now, small amount only. noise-0 ref-41 domain cluster phishing pattern batch",1
"The WiFi at the office is updated, the new name is the same, the password is in the internal wiki, the IT will not text you a link, it is a policy, if asked for a link, report to IT, this email is from IT, for real, ok. noise-8 ref-24 domain cluster legit pattern batch",0
"Your return label for order 55 is ready, drop at any post office, refund in 5 days after scan, a prepaid code is in your order page, this email is a simple confirmation, we do not need your card again. noise-11 ref-9 domain cluster legit pattern batch",0
"The open source project: a security update is 2.1.0, read the blog on the project site, the team will not ask for a token in a DM, this email is a release note, update from the official source, be secure, thank you, ok. [variant h-41]",0
"Your blood test result is in the patient portal, log in, we do not send full results in email, the portal is the only way, the clinic will not ask for a password in a call, be careful of scams, call our main line, ok. noise-2 ref-17 domain cluster legit pattern batch",0
"Dropbox: your shared folder has illegal files. A lawyer will be contacted. To delete the false claim, pay a small service fee, then upload your ID. The link to pay is the last line in this text. noise-4 ref-21 domain cluster phishing pattern batch",1
"Zoom billing: a refund of 3.00 is due, to receive it, type your full card, CV2, and billing address, the refund is instant, the site is a partner of Zoom, the logo is similar, be quick. noise-0 ref-32 domain cluster phishing pattern batch",1
"Your car service is done, the invoice is 240 for oil and filter, you can pay at pickup, the shop will not text you a random link, this email is a normal receipt, the shop phone is 555-0100, call if a question, thanks. noise-10 ref-19 domain cluster legit pattern batch",0
"DocuSign: a contract is ready. Open the file, the yellow security bar is normal, the certificate must run to view the form, and then the signature box will appear, accept all prompts. noise-11 ref-27 domain cluster phishing pattern batch",1
"The HOA meeting is next Tuesday, agenda includes parking and roof repair, a PDF is on the community site, the board will not ask for a wire, only dues through the normal portal, this email is a notice, thanks. noise-11 ref-16 domain cluster legit pattern batch",0
"Your domain renewal is due in 30 days, the normal registrar is Namecheap, log in to your account, the price is on the page, this email is a real reminder, do not use links in random email, go to the site, ok. noise-8 ref-13 domain cluster legit pattern batch",0
"Charity: thank you for your 25 donation, a receipt is attached, the charity is 501c3, keep for taxes, you can set recurring giving in the portal, this message is a thank you, we never ask to wire, thanks. noise-11 ref-12 domain cluster legit pattern batch",0
